case_label,total_jobs,completed_jobs,failed_jobs,lost_jobs,job_id,payload_name,job_type,status,attempts,last_error,created_at,enqueued_at,dequeued_at,completed_at,failed_at
no_outage_error_rate_0,100,100,0,0,204004,job-0,noop,completed,1,,2026-02-22T02:09:05.898053Z,2026-02-22T02:09:05.898053Z,2026-02-22T02:09:06.246159Z,2026-02-22T02:09:07.054033Z,
no_outage_error_rate_0,100,100,0,0,204005,job-1,noop,completed,1,,2026-02-22T02:09:05.902122Z,2026-02-22T02:09:05.902122Z,2026-02-22T02:09:06.246999Z,2026-02-22T02:09:07.060002Z,
no_outage_error_rate_0,100,100,0,0,204006,job-2,noop,completed,1,,2026-02-22T02:09:05.906162Z,2026-02-22T02:09:05.906162Z,2026-02-22T02:09:06.24736Z,2026-02-22T02:09:07.059609Z,
no_outage_error_rate_0,100,100,0,0,204007,job-3,noop,completed,1,,2026-02-22T02:09:05.909594Z,2026-02-22T02:09:05.909594Z,2026-02-22T02:09:06.248264Z,2026-02-22T02:09:07.06017Z,
no_outage_error_rate_0,100,100,0,0,204008,job-4,noop,completed,1,,2026-02-22T02:09:05.913335Z,2026-02-22T02:09:05.913335Z,2026-02-22T02:09:06.248661Z,2026-02-22T02:09:07.060159Z,
no_outage_error_rate_0,100,100,0,0,204009,job-5,noop,completed,1,,2026-02-22T02:09:05.91995Z,2026-02-22T02:09:05.91995Z,2026-02-22T02:09:06.249126Z,2026-02-22T02:09:07.061221Z,
no_outage_error_rate_0,100,100,0,0,204010,job-6,noop,completed,1,,2026-02-22T02:09:05.922713Z,2026-02-22T02:09:05.922713Z,2026-02-22T02:09:06.249175Z,2026-02-22T02:09:07.056244Z,
no_outage_error_rate_0,100,100,0,0,204011,job-7,noop,completed,1,,2026-02-22T02:09:05.925243Z,2026-02-22T02:09:05.925243Z,2026-02-22T02:09:06.251963Z,2026-02-22T02:09:07.062159Z,
no_outage_error_rate_0,100,100,0,0,204012,job-8,noop,completed,1,,2026-02-22T02:09:05.927853Z,2026-02-22T02:09:05.927853Z,2026-02-22T02:09:07.061186Z,2026-02-22T02:09:07.865964Z,
no_outage_error_rate_0,100,100,0,0,204013,job-9,noop,completed,1,,2026-02-22T02:09:05.931163Z,2026-02-22T02:09:05.931163Z,2026-02-22T02:09:07.064455Z,2026-02-22T02:09:07.871257Z,
no_outage_error_rate_0,100,100,0,0,204014,job-10,noop,completed,1,,2026-02-22T02:09:05.934116Z,2026-02-22T02:09:05.934116Z,2026-02-22T02:09:07.0676Z,2026-02-22T02:09:07.874952Z,
no_outage_error_rate_0,100,100,0,0,204015,job-11,noop,completed,1,,2026-02-22T02:09:05.937197Z,2026-02-22T02:09:05.937197Z,2026-02-22T02:09:07.068391Z,2026-02-22T02:09:07.875442Z,
no_outage_error_rate_0,100,100,0,0,204016,job-12,noop,completed,1,,2026-02-22T02:09:05.940154Z,2026-02-22T02:09:05.940154Z,2026-02-22T02:09:07.06764Z,2026-02-22T02:09:07.873061Z,
no_outage_error_rate_0,100,100,0,0,204017,job-13,noop,completed,1,,2026-02-22T02:09:05.943817Z,2026-02-22T02:09:05.943817Z,2026-02-22T02:09:07.068022Z,2026-02-22T02:09:07.873316Z,
no_outage_error_rate_0,100,100,0,0,204018,job-14,noop,completed,1,,2026-02-22T02:09:05.947097Z,2026-02-22T02:09:05.947097Z,2026-02-22T02:09:07.068206Z,2026-02-22T02:09:07.877326Z,
no_outage_error_rate_0,100,100,0,0,204019,job-15,noop,completed,1,,2026-02-22T02:09:05.950581Z,2026-02-22T02:09:05.950581Z,2026-02-22T02:09:07.069125Z,2026-02-22T02:09:07.877326Z,
no_outage_error_rate_0,100,100,0,0,204020,job-16,noop,completed,1,,2026-02-22T02:09:05.953977Z,2026-02-22T02:09:05.953977Z,2026-02-22T02:09:07.869149Z,2026-02-22T02:09:08.674082Z,
no_outage_error_rate_0,100,100,0,0,204021,job-17,noop,completed,1,,2026-02-22T02:09:05.960302Z,2026-02-22T02:09:05.960302Z,2026-02-22T02:09:07.87737Z,2026-02-22T02:09:08.682444Z,
no_outage_error_rate_0,100,100,0,0,204022,job-18,noop,completed,1,,2026-02-22T02:09:05.962948Z,2026-02-22T02:09:05.962948Z,2026-02-22T02:09:07.879506Z,2026-02-22T02:09:08.684237Z,
no_outage_error_rate_0,100,100,0,0,204023,job-19,noop,completed,1,,2026-02-22T02:09:05.96572Z,2026-02-22T02:09:05.96572Z,2026-02-22T02:09:07.879913Z,2026-02-22T02:09:08.685802Z,
no_outage_error_rate_0,100,100,0,0,204024,job-20,noop,completed,1,,2026-02-22T02:09:05.968744Z,2026-02-22T02:09:05.968744Z,2026-02-22T02:09:07.881974Z,2026-02-22T02:09:08.688616Z,
no_outage_error_rate_0,100,100,0,0,204025,job-21,noop,completed,1,,2026-02-22T02:09:05.971876Z,2026-02-22T02:09:05.971876Z,2026-02-22T02:09:07.882548Z,2026-02-22T02:09:08.68749Z,
no_outage_error_rate_0,100,100,0,0,204026,job-22,noop,completed,1,,2026-02-22T02:09:05.975007Z,2026-02-22T02:09:05.975007Z,2026-02-22T02:09:07.886735Z,2026-02-22T02:09:08.693632Z,
no_outage_error_rate_0,100,100,0,0,204027,job-23,noop,completed,1,,2026-02-22T02:09:05.978211Z,2026-02-22T02:09:05.978211Z,2026-02-22T02:09:07.886735Z,2026-02-22T02:09:08.693632Z,
no_outage_error_rate_0,100,100,0,0,204028,job-24,noop,completed,1,,2026-02-22T02:09:05.983095Z,2026-02-22T02:09:05.983095Z,2026-02-22T02:09:08.676668Z,2026-02-22T02:09:09.481693Z,
no_outage_error_rate_0,100,100,0,0,204029,job-25,noop,completed,1,,2026-02-22T02:09:05.986483Z,2026-02-22T02:09:05.986483Z,2026-02-22T02:09:08.688431Z,2026-02-22T02:09:09.494906Z,
no_outage_error_rate_0,100,100,0,0,204030,job-26,noop,completed,1,,2026-02-22T02:09:05.990162Z,2026-02-22T02:09:05.990162Z,2026-02-22T02:09:08.690403Z,2026-02-22T02:09:09.498596Z,
no_outage_error_rate_0,100,100,0,0,204031,job-27,noop,completed,1,,2026-02-22T02:09:05.996571Z,2026-02-22T02:09:05.996571Z,2026-02-22T02:09:08.691724Z,2026-02-22T02:09:09.500268Z,
no_outage_error_rate_0,100,100,0,0,204032,job-28,noop,completed,1,,2026-02-22T02:09:05.99913Z,2026-02-22T02:09:05.99913Z,2026-02-22T02:09:08.694619Z,2026-02-22T02:09:09.5021Z,
no_outage_error_rate_0,100,100,0,0,204033,job-29,noop,completed,1,,2026-02-22T02:09:06.001766Z,2026-02-22T02:09:06.001766Z,2026-02-22T02:09:08.695879Z,2026-02-22T02:09:09.503151Z,
no_outage_error_rate_0,100,100,0,0,204034,job-30,noop,completed,1,,2026-02-22T02:09:06.004463Z,2026-02-22T02:09:06.004463Z,2026-02-22T02:09:08.70082Z,2026-02-22T02:09:09.507645Z,
no_outage_error_rate_0,100,100,0,0,204035,job-31,noop,completed,1,,2026-02-22T02:09:06.007527Z,2026-02-22T02:09:06.007527Z,2026-02-22T02:09:08.702312Z,2026-02-22T02:09:09.508653Z,
no_outage_error_rate_0,100,100,0,0,204036,job-32,noop,completed,1,,2026-02-22T02:09:06.01043Z,2026-02-22T02:09:06.01043Z,2026-02-22T02:09:09.488761Z,2026-02-22T02:09:10.293666Z,
no_outage_error_rate_0,100,100,0,0,204037,job-33,noop,completed,1,,2026-02-22T02:09:06.013762Z,2026-02-22T02:09:06.013762Z,2026-02-22T02:09:09.500516Z,2026-02-22T02:09:10.305708Z,
no_outage_error_rate_0,100,100,0,0,204038,job-34,noop,completed,1,,2026-02-22T02:09:06.017893Z,2026-02-22T02:09:06.017893Z,2026-02-22T02:09:09.503743Z,2026-02-22T02:09:10.311817Z,
no_outage_error_rate_0,100,100,0,0,204039,job-35,noop,completed,1,,2026-02-22T02:09:06.021263Z,2026-02-22T02:09:06.021263Z,2026-02-22T02:09:09.505607Z,2026-02-22T02:09:10.31654Z,
no_outage_error_rate_0,100,100,0,0,204040,job-36,noop,completed,1,,2026-02-22T02:09:06.024639Z,2026-02-22T02:09:06.024639Z,2026-02-22T02:09:09.507621Z,2026-02-22T02:09:10.315068Z,
no_outage_error_rate_0,100,100,0,0,204041,job-37,noop,completed,1,,2026-02-22T02:09:06.028361Z,2026-02-22T02:09:06.028361Z,2026-02-22T02:09:09.50876Z,2026-02-22T02:09:10.316249Z,
no_outage_error_rate_0,100,100,0,0,204042,job-38,noop,completed,1,,2026-02-22T02:09:06.034871Z,2026-02-22T02:09:06.034871Z,2026-02-22T02:09:09.511612Z,2026-02-22T02:09:10.319428Z,
no_outage_error_rate_0,100,100,0,0,204043,job-39,noop,completed,1,,2026-02-22T02:09:06.037417Z,2026-02-22T02:09:06.037417Z,2026-02-22T02:09:10.296997Z,2026-02-22T02:09:11.11349Z,
no_outage_error_rate_0,100,100,0,0,204044,job-40,noop,completed,1,,2026-02-22T02:09:06.040066Z,2026-02-22T02:09:06.040066Z,2026-02-22T02:09:10.313288Z,2026-02-22T02:09:11.124484Z,
no_outage_error_rate_0,100,100,0,0,204045,job-41,noop,completed,1,,2026-02-22T02:09:06.042589Z,2026-02-22T02:09:06.042589Z,2026-02-22T02:09:10.316363Z,2026-02-22T02:09:11.125391Z,
no_outage_error_rate_0,100,100,0,0,204046,job-42,noop,completed,1,,2026-02-22T02:09:06.045842Z,2026-02-22T02:09:06.045842Z,2026-02-22T02:09:10.317818Z,2026-02-22T02:09:11.129806Z,
no_outage_error_rate_0,100,100,0,0,204047,job-43,noop,completed,1,,2026-02-22T02:09:06.048691Z,2026-02-22T02:09:06.048691Z,2026-02-22T02:09:10.321365Z,2026-02-22T02:09:11.134724Z,
no_outage_error_rate_0,100,100,0,0,204048,job-44,noop,completed,1,,2026-02-22T02:09:06.051581Z,2026-02-22T02:09:06.051581Z,2026-02-22T02:09:10.325678Z,2026-02-22T02:09:11.134987Z,
no_outage_error_rate_0,100,100,0,0,204049,job-45,noop,completed,1,,2026-02-22T02:09:06.05444Z,2026-02-22T02:09:06.05444Z,2026-02-22T02:09:11.123829Z,2026-02-22T02:09:11.932163Z,
no_outage_error_rate_0,100,100,0,0,204050,job-46,noop,completed,1,,2026-02-22T02:09:06.058043Z,2026-02-22T02:09:06.058043Z,2026-02-22T02:09:11.130766Z,2026-02-22T02:09:11.941618Z,
no_outage_error_rate_0,100,100,0,0,204051,job-47,noop,completed,1,,2026-02-22T02:09:06.061501Z,2026-02-22T02:09:06.061501Z,2026-02-22T02:09:11.137891Z,2026-02-22T02:09:11.951626Z,
no_outage_error_rate_0,100,100,0,0,204052,job-48,noop,completed,1,,2026-02-22T02:09:06.06527Z,2026-02-22T02:09:06.06527Z,2026-02-22T02:09:11.139682Z,2026-02-22T02:09:11.952371Z,
no_outage_error_rate_0,100,100,0,0,204053,job-49,noop,completed,1,,2026-02-22T02:09:06.071767Z,2026-02-22T02:09:06.071767Z,2026-02-22T02:09:11.14337Z,2026-02-22T02:09:11.958868Z,
no_outage_error_rate_0,100,100,0,0,204054,job-50,noop,completed,1,,2026-02-22T02:09:06.074298Z,2026-02-22T02:09:06.074298Z,2026-02-22T02:09:11.144768Z,2026-02-22T02:09:11.958102Z,
no_outage_error_rate_0,100,100,0,0,204055,job-51,noop,completed,1,,2026-02-22T02:09:06.076828Z,2026-02-22T02:09:06.076828Z,2026-02-22T02:09:11.147172Z,2026-02-22T02:09:11.959597Z,
no_outage_error_rate_0,100,100,0,0,204056,job-52,noop,completed,1,,2026-02-22T02:09:06.079509Z,2026-02-22T02:09:06.079509Z,2026-02-22T02:09:11.935449Z,2026-02-22T02:09:12.745597Z,
no_outage_error_rate_0,100,100,0,0,204057,job-53,noop,completed,1,,2026-02-22T02:09:06.082605Z,2026-02-22T02:09:06.082605Z,2026-02-22T02:09:11.939036Z,2026-02-22T02:09:12.746842Z,
no_outage_error_rate_0,100,100,0,0,204058,job-54,noop,completed,1,,2026-02-22T02:09:06.085587Z,2026-02-22T02:09:06.085587Z,2026-02-22T02:09:11.947682Z,2026-02-22T02:09:12.756472Z,
no_outage_error_rate_0,100,100,0,0,204059,job-55,noop,completed,1,,2026-02-22T02:09:06.08842Z,2026-02-22T02:09:06.08842Z,2026-02-22T02:09:11.959892Z,2026-02-22T02:09:12.766516Z,
no_outage_error_rate_0,100,100,0,0,204060,job-56,noop,completed,1,,2026-02-22T02:09:06.09143Z,2026-02-22T02:09:06.09143Z,2026-02-22T02:09:11.965256Z,2026-02-22T02:09:12.773971Z,
no_outage_error_rate_0,100,100,0,0,204061,job-57,noop,completed,1,,2026-02-22T02:09:06.094904Z,2026-02-22T02:09:06.094904Z,2026-02-22T02:09:11.96949Z,2026-02-22T02:09:12.779204Z,
no_outage_error_rate_0,100,100,0,0,204062,job-58,noop,completed,1,,2026-02-22T02:09:06.098452Z,2026-02-22T02:09:06.098452Z,2026-02-22T02:09:11.969501Z,2026-02-22T02:09:12.784135Z,
no_outage_error_rate_0,100,100,0,0,204063,job-59,noop,completed,1,,2026-02-22T02:09:06.10185Z,2026-02-22T02:09:06.10185Z,2026-02-22T02:09:12.750239Z,2026-02-22T02:09:13.556961Z,
no_outage_error_rate_0,100,100,0,0,204064,job-60,noop,completed,1,,2026-02-22T02:09:06.105311Z,2026-02-22T02:09:06.105311Z,2026-02-22T02:09:12.751287Z,2026-02-22T02:09:13.558651Z,
no_outage_error_rate_0,100,100,0,0,204065,job-61,noop,completed,1,,2026-02-22T02:09:06.111496Z,2026-02-22T02:09:06.111496Z,2026-02-22T02:09:12.759516Z,2026-02-22T02:09:13.57132Z,
no_outage_error_rate_0,100,100,0,0,204066,job-62,noop,completed,1,,2026-02-22T02:09:06.114157Z,2026-02-22T02:09:06.114157Z,2026-02-22T02:09:12.761506Z,2026-02-22T02:09:13.568649Z,
no_outage_error_rate_0,100,100,0,0,204067,job-63,noop,completed,1,,2026-02-22T02:09:06.116755Z,2026-02-22T02:09:06.116755Z,2026-02-22T02:09:12.7714Z,2026-02-22T02:09:13.581816Z,
no_outage_error_rate_0,100,100,0,0,204068,job-64,noop,completed,1,,2026-02-22T02:09:06.120364Z,2026-02-22T02:09:06.120364Z,2026-02-22T02:09:12.784694Z,2026-02-22T02:09:13.592432Z,
no_outage_error_rate_0,100,100,0,0,204069,job-65,noop,completed,1,,2026-02-22T02:09:06.12329Z,2026-02-22T02:09:06.12329Z,2026-02-22T02:09:12.787397Z,2026-02-22T02:09:13.595676Z,
no_outage_error_rate_0,100,100,0,0,204070,job-66,noop,completed,1,,2026-02-22T02:09:06.126465Z,2026-02-22T02:09:06.126465Z,2026-02-22T02:09:12.789271Z,2026-02-22T02:09:13.596921Z,
no_outage_error_rate_0,100,100,0,0,204071,job-67,noop,completed,1,,2026-02-22T02:09:06.129473Z,2026-02-22T02:09:06.129473Z,2026-02-22T02:09:13.562994Z,2026-02-22T02:09:14.371174Z,
no_outage_error_rate_0,100,100,0,0,204072,job-68,noop,completed,1,,2026-02-22T02:09:06.133154Z,2026-02-22T02:09:06.133154Z,2026-02-22T02:09:13.564616Z,2026-02-22T02:09:14.373716Z,
no_outage_error_rate_0,100,100,0,0,204073,job-69,noop,completed,1,,2026-02-22T02:09:06.136517Z,2026-02-22T02:09:06.136517Z,2026-02-22T02:09:13.577378Z,2026-02-22T02:09:14.386668Z,
no_outage_error_rate_0,100,100,0,0,204074,job-70,noop,completed,1,,2026-02-22T02:09:06.140032Z,2026-02-22T02:09:06.140032Z,2026-02-22T02:09:13.578347Z,2026-02-22T02:09:14.385066Z,
no_outage_error_rate_0,100,100,0,0,204075,job-71,noop,completed,1,,2026-02-22T02:09:06.143721Z,2026-02-22T02:09:06.143721Z,2026-02-22T02:09:13.586616Z,2026-02-22T02:09:14.397253Z,
no_outage_error_rate_0,100,100,0,0,204076,job-72,noop,completed,1,,2026-02-22T02:09:06.15016Z,2026-02-22T02:09:06.15016Z,2026-02-22T02:09:13.598676Z,2026-02-22T02:09:14.404999Z,
no_outage_error_rate_0,100,100,0,0,204077,job-73,noop,completed,1,,2026-02-22T02:09:06.15279Z,2026-02-22T02:09:06.15279Z,2026-02-22T02:09:13.6041Z,2026-02-22T02:09:14.41253Z,
no_outage_error_rate_0,100,100,0,0,204078,job-74,noop,completed,1,,2026-02-22T02:09:06.155511Z,2026-02-22T02:09:06.155511Z,2026-02-22T02:09:13.60476Z,2026-02-22T02:09:14.417059Z,
no_outage_error_rate_0,100,100,0,0,204079,job-75,noop,completed,1,,2026-02-22T02:09:06.15807Z,2026-02-22T02:09:06.15807Z,2026-02-22T02:09:14.379326Z,2026-02-22T02:09:15.189363Z,
no_outage_error_rate_0,100,100,0,0,204080,job-76,noop,completed,1,,2026-02-22T02:09:06.161338Z,2026-02-22T02:09:06.161338Z,2026-02-22T02:09:14.380347Z,2026-02-22T02:09:15.188448Z,
no_outage_error_rate_0,100,100,0,0,204081,job-77,noop,completed,1,,2026-02-22T02:09:06.164339Z,2026-02-22T02:09:06.164339Z,2026-02-22T02:09:14.39019Z,2026-02-22T02:09:15.20005Z,
no_outage_error_rate_0,100,100,0,0,204082,job-78,noop,completed,1,,2026-02-22T02:09:06.167355Z,2026-02-22T02:09:06.167355Z,2026-02-22T02:09:14.395239Z,2026-02-22T02:09:15.203017Z,
no_outage_error_rate_0,100,100,0,0,204083,job-79,noop,completed,1,,2026-02-22T02:09:06.171027Z,2026-02-22T02:09:06.171027Z,2026-02-22T02:09:14.402837Z,2026-02-22T02:09:15.211274Z,
no_outage_error_rate_0,100,100,0,0,204084,job-80,noop,completed,1,,2026-02-22T02:09:06.1744Z,2026-02-22T02:09:06.1744Z,2026-02-22T02:09:14.410336Z,2026-02-22T02:09:15.220571Z,
no_outage_error_rate_0,100,100,0,0,204085,job-81,noop,completed,1,,2026-02-22T02:09:06.177865Z,2026-02-22T02:09:06.177865Z,2026-02-22T02:09:14.419243Z,2026-02-22T02:09:15.227041Z,
no_outage_error_rate_0,100,100,0,0,204086,job-82,noop,completed,1,,2026-02-22T02:09:06.181429Z,2026-02-22T02:09:06.181429Z,2026-02-22T02:09:14.423023Z,2026-02-22T02:09:15.229626Z,
no_outage_error_rate_0,100,100,0,0,204087,job-83,noop,completed,1,,2026-02-22T02:09:06.187904Z,2026-02-22T02:09:06.187904Z,2026-02-22T02:09:15.194254Z,2026-02-22T02:09:16.002163Z,
no_outage_error_rate_0,100,100,0,0,204088,job-84,noop,completed,1,,2026-02-22T02:09:06.190389Z,2026-02-22T02:09:06.190389Z,2026-02-22T02:09:15.196733Z,2026-02-22T02:09:16.005237Z,
no_outage_error_rate_0,100,100,0,0,204089,job-85,noop,completed,1,,2026-02-22T02:09:06.192858Z,2026-02-22T02:09:06.192858Z,2026-02-22T02:09:15.209563Z,2026-02-22T02:09:16.018339Z,
no_outage_error_rate_0,100,100,0,0,204090,job-86,noop,completed,1,,2026-02-22T02:09:06.195431Z,2026-02-22T02:09:06.195431Z,2026-02-22T02:09:15.214594Z,2026-02-22T02:09:16.022613Z,
no_outage_error_rate_0,100,100,0,0,204091,job-87,noop,completed,1,,2026-02-22T02:09:06.198445Z,2026-02-22T02:09:06.198445Z,2026-02-22T02:09:15.217772Z,2026-02-22T02:09:16.026684Z,
no_outage_error_rate_0,100,100,0,0,204092,job-88,noop,completed,1,,2026-02-22T02:09:06.20135Z,2026-02-22T02:09:06.20135Z,2026-02-22T02:09:15.224882Z,2026-02-22T02:09:16.03452Z,
no_outage_error_rate_0,100,100,0,0,204093,job-89,noop,completed,1,,2026-02-22T02:09:06.204258Z,2026-02-22T02:09:06.204258Z,2026-02-22T02:09:15.231793Z,2026-02-22T02:09:16.044169Z,
no_outage_error_rate_0,100,100,0,0,204094,job-90,noop,completed,1,,2026-02-22T02:09:06.207335Z,2026-02-22T02:09:06.207335Z,2026-02-22T02:09:15.234745Z,2026-02-22T02:09:16.045246Z,
no_outage_error_rate_0,100,100,0,0,204095,job-91,noop,completed,1,,2026-02-22T02:09:06.210947Z,2026-02-22T02:09:06.210947Z,2026-02-22T02:09:16.012669Z,2026-02-22T02:09:16.818263Z,
no_outage_error_rate_0,100,100,0,0,204096,job-92,noop,completed,1,,2026-02-22T02:09:06.214421Z,2026-02-22T02:09:06.214421Z,2026-02-22T02:09:16.014317Z,2026-02-22T02:09:16.819472Z,
no_outage_error_rate_0,100,100,0,0,204097,job-93,noop,completed,1,,2026-02-22T02:09:06.218141Z,2026-02-22T02:09:06.218141Z,2026-02-22T02:09:16.026162Z,2026-02-22T02:09:16.832467Z,
no_outage_error_rate_0,100,100,0,0,204098,job-94,noop,completed,1,,2026-02-22T02:09:06.224611Z,2026-02-22T02:09:06.224611Z,2026-02-22T02:09:16.029799Z,2026-02-22T02:09:16.834721Z,
no_outage_error_rate_0,100,100,0,0,204099,job-95,noop,completed,1,,2026-02-22T02:09:06.227308Z,2026-02-22T02:09:06.227308Z,2026-02-22T02:09:16.033545Z,2026-02-22T02:09:16.840114Z,
no_outage_error_rate_0,100,100,0,0,204100,job-96,noop,completed,1,,2026-02-22T02:09:06.230016Z,2026-02-22T02:09:06.230016Z,2026-02-22T02:09:16.040744Z,2026-02-22T02:09:16.847208Z,
no_outage_error_rate_0,100,100,0,0,204101,job-97,noop,completed,1,,2026-02-22T02:09:06.232508Z,2026-02-22T02:09:06.232508Z,2026-02-22T02:09:16.052577Z,2026-02-22T02:09:16.857457Z,
no_outage_error_rate_0,100,100,0,0,204102,job-98,noop,completed,1,,2026-02-22T02:09:06.235833Z,2026-02-22T02:09:06.235833Z,2026-02-22T02:09:16.053809Z,2026-02-22T02:09:16.859148Z,
no_outage_error_rate_0,100,100,0,0,204103,job-99,noop,completed,1,,2026-02-22T02:09:06.239017Z,2026-02-22T02:09:06.239017Z,2026-02-22T02:09:16.821854Z,2026-02-22T02:09:17.625706Z,
no_outage_error_rate_100,100,0,100,0,204104,job-0,noop,failed,5,error about an error,2026-02-22T02:09:17.878608Z,2026-02-22T02:09:28.844661Z,2026-02-22T02:09:31.304147Z,,2026-02-22T02:09:32.110082Z
no_outage_error_rate_100,100,0,100,0,204105,job-1,noop,failed,5,this job has seen enough,2026-02-22T02:09:17.883028Z,2026-02-22T02:09:28.844662Z,2026-02-22T02:09:31.310718Z,,2026-02-22T02:09:32.116573Z
no_outage_error_rate_100,100,0,100,0,204106,job-2,noop,failed,5,operation failed successfully,2026-02-22T02:09:17.889163Z,2026-02-22T02:09:28.857237Z,2026-02-22T02:09:31.32253Z,,2026-02-22T02:09:32.130107Z
no_outage_error_rate_100,100,0,100,0,204107,job-3,noop,failed,5,refusing to complete,2026-02-22T02:09:17.891657Z,2026-02-22T02:09:28.863232Z,2026-02-22T02:09:31.327098Z,,2026-02-22T02:09:32.132406Z
no_outage_error_rate_100,100,0,100,0,204108,job-4,noop,failed,5,success was never an option,2026-02-22T02:09:17.89427Z,2026-02-22T02:09:28.880127Z,2026-02-22T02:09:31.336816Z,,2026-02-22T02:09:32.14156Z
no_outage_error_rate_100,100,0,100,0,204109,job-5,noop,failed,5,"this is not a bug, it's a statement",2026-02-22T02:09:17.897125Z,2026-02-22T02:09:28.895036Z,2026-02-22T02:09:31.361314Z,,2026-02-22T02:09:32.167541Z
no_outage_error_rate_100,100,0,100,0,204110,job-6,noop,failed,5,could not not fail,2026-02-22T02:09:17.899837Z,2026-02-22T02:09:28.89671Z,2026-02-22T02:09:31.366087Z,,2026-02-22T02:09:32.17226Z
no_outage_error_rate_100,100,0,100,0,204111,job-7,noop,failed,5,success was never an option,2026-02-22T02:09:17.902652Z,2026-02-22T02:09:28.896621Z,2026-02-22T02:09:31.371092Z,,2026-02-22T02:09:32.178167Z
no_outage_error_rate_100,100,0,100,0,204112,job-8,noop,failed,5,done trying,2026-02-22T02:09:17.905773Z,2026-02-22T02:09:29.66438Z,2026-02-22T02:09:32.112989Z,,2026-02-22T02:09:32.918268Z
no_outage_error_rate_100,100,0,100,0,204113,job-9,noop,failed,5,"this is not a bug, it's a statement",2026-02-22T02:09:17.908604Z,2026-02-22T02:09:29.666753Z,2026-02-22T02:09:32.119585Z,,2026-02-22T02:09:32.926843Z
no_outage_error_rate_100,100,0,100,0,204114,job-10,noop,failed,5,error about an error,2026-02-22T02:09:17.912091Z,2026-02-22T02:09:29.680642Z,2026-02-22T02:09:32.134079Z,,2026-02-22T02:09:32.938021Z
no_outage_error_rate_100,100,0,100,0,204115,job-11,noop,failed,5,done trying,2026-02-22T02:09:17.915386Z,2026-02-22T02:09:29.685355Z,2026-02-22T02:09:32.139144Z,,2026-02-22T02:09:32.943013Z
no_outage_error_rate_100,100,0,100,0,204116,job-12,noop,failed,5,error thrown for educational purposes,2026-02-22T02:09:17.918792Z,2026-02-22T02:09:29.696362Z,2026-02-22T02:09:32.144159Z,,2026-02-22T02:09:32.948414Z
no_outage_error_rate_100,100,0,100,0,204117,job-13,noop,failed,5,error about an error,2026-02-22T02:09:17.924663Z,2026-02-22T02:09:29.711767Z,2026-02-22T02:09:32.170363Z,,2026-02-22T02:09:32.975126Z
no_outage_error_rate_100,100,0,100,0,204118,job-14,noop,failed,5,"this is not a bug, it's a statement",2026-02-22T02:09:17.927122Z,2026-02-22T02:09:29.711768Z,2026-02-22T02:09:32.175243Z,,2026-02-22T02:09:32.980465Z
no_outage_error_rate_100,100,0,100,0,204119,job-15,noop,failed,5,this job has seen enough,2026-02-22T02:09:17.929778Z,2026-02-22T02:09:29.716134Z,2026-02-22T02:09:32.181709Z,,2026-02-22T02:09:32.987286Z
no_outage_error_rate_100,100,0,100,0,204120,job-16,noop,failed,5,success was never an option,2026-02-22T02:09:17.932251Z,2026-02-22T02:09:30.480324Z,2026-02-22T02:09:32.921829Z,,2026-02-22T02:09:33.726409Z
no_outage_error_rate_100,100,0,100,0,204121,job-17,noop,failed,5,this job has seen enough,2026-02-22T02:09:17.934745Z,2026-02-22T02:09:30.484742Z,2026-02-22T02:09:32.929411Z,,2026-02-22T02:09:33.733886Z
no_outage_error_rate_100,100,0,100,0,204122,job-18,noop,failed,5,error thrown for educational purposes,2026-02-22T02:09:17.937672Z,2026-02-22T02:09:30.497446Z,2026-02-22T02:09:32.941114Z,,2026-02-22T02:09:33.746292Z
no_outage_error_rate_100,100,0,100,0,204123,job-19,noop,failed,5,success was never an option,2026-02-22T02:09:17.940645Z,2026-02-22T02:09:30.502803Z,2026-02-22T02:09:32.946499Z,,2026-02-22T02:09:33.75141Z
no_outage_error_rate_100,100,0,100,0,204124,job-20,noop,failed,5,refusing to complete,2026-02-22T02:09:17.943472Z,2026-02-22T02:09:30.514059Z,2026-02-22T02:09:32.951405Z,,2026-02-22T02:09:33.759224Z
no_outage_error_rate_100,100,0,100,0,204125,job-21,noop,failed,5,success was never an option,2026-02-22T02:09:17.946766Z,2026-02-22T02:09:30.533927Z,2026-02-22T02:09:32.978609Z,,2026-02-22T02:09:33.782743Z
no_outage_error_rate_100,100,0,100,0,204126,job-22,noop,failed,5,error about an error,2026-02-22T02:09:17.950071Z,2026-02-22T02:09:30.535657Z,2026-02-22T02:09:32.986431Z,,2026-02-22T02:09:33.791768Z
no_outage_error_rate_100,100,0,100,0,204127,job-23,noop,failed,5,operation failed successfully,2026-02-22T02:09:17.953449Z,2026-02-22T02:09:30.538237Z,2026-02-22T02:09:33.729224Z,,2026-02-22T02:09:34.534762Z
no_outage_error_rate_100,100,0,100,0,204128,job-24,noop,failed,5,refusing to complete,2026-02-22T02:09:17.959297Z,2026-02-22T02:09:31.297019Z,2026-02-22T02:09:33.736797Z,,2026-02-22T02:09:34.541807Z
no_outage_error_rate_100,100,0,100,0,204129,job-25,noop,failed,5,"this is not a bug, it's a statement",2026-02-22T02:09:17.961724Z,2026-02-22T02:09:31.303229Z,2026-02-22T02:09:33.749572Z,,2026-02-22T02:09:34.553507Z
no_outage_error_rate_100,100,0,100,0,204130,job-26,noop,failed,5,this job has seen enough,2026-02-22T02:09:17.96424Z,2026-02-22T02:09:31.314992Z,2026-02-22T02:09:33.754999Z,,2026-02-22T02:09:34.559173Z
no_outage_error_rate_100,100,0,100,0,204131,job-27,noop,failed,5,error about an error,2026-02-22T02:09:17.966855Z,2026-02-22T02:09:31.318625Z,2026-02-22T02:09:33.761767Z,,2026-02-22T02:09:34.566065Z
no_outage_error_rate_100,100,0,100,0,204132,job-28,noop,failed,5,operation failed successfully,2026-02-22T02:09:17.969603Z,2026-02-22T02:09:31.329869Z,2026-02-22T02:09:33.785238Z,,2026-02-22T02:09:34.589665Z
no_outage_error_rate_100,100,0,100,0,204133,job-29,noop,failed,5,operation failed successfully,2026-02-22T02:09:17.972373Z,2026-02-22T02:09:31.355867Z,2026-02-22T02:09:33.793721Z,,2026-02-22T02:09:34.599414Z
no_outage_error_rate_100,100,0,100,0,204134,job-30,noop,failed,5,could not not fail,2026-02-22T02:09:17.975044Z,2026-02-22T02:09:31.351126Z,2026-02-22T02:09:33.795727Z,,2026-02-22T02:09:34.601152Z
no_outage_error_rate_100,100,0,100,0,204135,job-31,noop,failed,5,this job has seen enough,2026-02-22T02:09:17.977833Z,2026-02-22T02:09:31.361217Z,2026-02-22T02:09:34.538178Z,,2026-02-22T02:09:35.342896Z
no_outage_error_rate_100,100,0,100,0,204136,job-32,noop,failed,5,this job has seen enough,2026-02-22T02:09:17.980901Z,2026-02-22T02:09:45.119333Z,2026-02-22T02:09:47.567044Z,,2026-02-22T02:09:48.373225Z
no_outage_error_rate_100,100,0,100,0,204137,job-33,noop,failed,5,done trying,2026-02-22T02:09:17.984116Z,2026-02-22T02:09:45.131851Z,2026-02-22T02:09:47.586396Z,,2026-02-22T02:09:48.39289Z
no_outage_error_rate_100,100,0,100,0,204138,job-34,noop,failed,5,could not not fail,2026-02-22T02:09:17.987691Z,2026-02-22T02:09:45.142017Z,2026-02-22T02:09:47.597113Z,,2026-02-22T02:09:48.402152Z
no_outage_error_rate_100,100,0,100,0,204139,job-35,noop,failed,5,error thrown for educational purposes,2026-02-22T02:09:17.993886Z,2026-02-22T02:09:45.174787Z,2026-02-22T02:09:47.626936Z,,2026-02-22T02:09:48.432584Z
no_outage_error_rate_100,100,0,100,0,204140,job-36,noop,failed,5,error about an error,2026-02-22T02:09:17.996422Z,2026-02-22T02:09:45.181784Z,2026-02-22T02:09:47.651864Z,,2026-02-22T02:09:48.458854Z
no_outage_error_rate_100,100,0,100,0,204141,job-37,noop,failed,5,could not not fail,2026-02-22T02:09:17.99896Z,2026-02-22T02:09:45.178109Z,2026-02-22T02:09:47.652287Z,,2026-02-22T02:09:48.460107Z
no_outage_error_rate_100,100,0,100,0,204142,job-38,noop,failed,5,this job has seen enough,2026-02-22T02:09:18.001792Z,2026-02-22T02:09:45.19246Z,2026-02-22T02:09:47.65996Z,,2026-02-22T02:09:48.466655Z
no_outage_error_rate_100,100,0,100,0,204143,job-39,noop,failed,5,success was never an option,2026-02-22T02:09:18.004771Z,2026-02-22T02:09:45.933226Z,2026-02-22T02:09:48.376705Z,,2026-02-22T02:09:49.181216Z
no_outage_error_rate_100,100,0,100,0,204144,job-40,noop,failed,5,could not not fail,2026-02-22T02:09:18.008383Z,2026-02-22T02:09:45.949756Z,2026-02-22T02:09:48.399205Z,,2026-02-22T02:09:49.203637Z
no_outage_error_rate_100,100,0,100,0,204145,job-41,noop,failed,5,success was never an option,2026-02-22T02:09:18.011446Z,2026-02-22T02:09:45.956802Z,2026-02-22T02:09:48.404777Z,,2026-02-22T02:09:49.209956Z
no_outage_error_rate_100,100,0,100,0,204146,job-42,noop,failed,5,done trying,2026-02-22T02:09:18.014483Z,2026-02-22T02:09:45.990457Z,2026-02-22T02:09:48.435716Z,,2026-02-22T02:09:49.240651Z
no_outage_error_rate_100,100,0,100,0,204147,job-43,noop,failed,5,error about an error,2026-02-22T02:09:18.017903Z,2026-02-22T02:09:45.994722Z,2026-02-22T02:09:48.463118Z,,2026-02-22T02:09:49.268585Z
no_outage_error_rate_100,100,0,100,0,204148,job-44,noop,failed,5,error thrown for educational purposes,2026-02-22T02:09:18.021381Z,2026-02-22T02:09:46.00053Z,2026-02-22T02:09:48.465156Z,,2026-02-22T02:09:49.270392Z
no_outage_error_rate_100,100,0,100,0,204149,job-45,noop,failed,5,operation failed successfully,2026-02-22T02:09:18.024907Z,2026-02-22T02:09:46.01374Z,2026-02-22T02:09:48.470605Z,,2026-02-22T02:09:49.278034Z
no_outage_error_rate_100,100,0,100,0,204150,job-46,noop,failed,5,operation failed successfully,2026-02-22T02:09:18.030932Z,2026-02-22T02:09:46.015158Z,2026-02-22T02:09:48.477929Z,,2026-02-22T02:09:49.282037Z
no_outage_error_rate_100,100,0,100,0,204151,job-47,noop,failed,5,error about an error,2026-02-22T02:09:18.033521Z,2026-02-22T02:09:46.746188Z,2026-02-22T02:09:49.18406Z,,2026-02-22T02:09:49.988776Z
no_outage_error_rate_100,100,0,100,0,204152,job-48,noop,failed,5,error about an error,2026-02-22T02:09:18.036604Z,2026-02-22T02:09:46.765728Z,2026-02-22T02:09:49.206832Z,,2026-02-22T02:09:50.011843Z
no_outage_error_rate_100,100,0,100,0,204153,job-49,noop,failed,5,operation failed successfully,2026-02-22T02:09:18.039242Z,2026-02-22T02:09:46.769283Z,2026-02-22T02:09:49.212965Z,,2026-02-22T02:09:50.017778Z
no_outage_error_rate_100,100,0,100,0,204154,job-50,noop,failed,5,operation failed successfully,2026-02-22T02:09:18.042279Z,2026-02-22T02:09:46.805336Z,2026-02-22T02:09:49.244118Z,,2026-02-22T02:09:50.049101Z
no_outage_error_rate_100,100,0,100,0,204155,job-51,noop,failed,5,"this is not a bug, it's a statement",2026-02-22T02:09:18.045149Z,2026-02-22T02:09:46.814653Z,2026-02-22T02:09:49.272388Z,,2026-02-22T02:09:50.076811Z
no_outage_error_rate_100,100,0,100,0,204156,job-52,noop,failed,5,done trying,2026-02-22T02:09:18.048238Z,2026-02-22T02:09:46.817787Z,2026-02-22T02:09:49.277085Z,,2026-02-22T02:09:50.081924Z
no_outage_error_rate_100,100,0,100,0,204157,job-53,noop,failed,5,operation failed successfully,2026-02-22T02:09:18.051149Z,2026-02-22T02:09:46.830803Z,2026-02-22T02:09:49.284667Z,,2026-02-22T02:09:50.090158Z
no_outage_error_rate_100,100,0,100,0,204158,job-54,noop,failed,5,could not not fail,2026-02-22T02:09:18.054366Z,2026-02-22T02:09:46.833971Z,2026-02-22T02:09:49.991819Z,,2026-02-22T02:09:50.796304Z
no_outage_error_rate_100,100,0,100,0,204159,job-55,noop,failed,5,error about an error,2026-02-22T02:09:18.057784Z,2026-02-22T02:09:47.559596Z,2026-02-22T02:09:50.015615Z,,2026-02-22T02:09:50.820441Z
no_outage_error_rate_100,100,0,100,0,204160,job-56,noop,failed,5,could not not fail,2026-02-22T02:09:18.061096Z,2026-02-22T02:09:47.57941Z,2026-02-22T02:09:50.021288Z,,2026-02-22T02:09:50.825739Z
no_outage_error_rate_100,100,0,100,0,204161,job-57,noop,failed,5,"this is not a bug, it's a statement",2026-02-22T02:09:18.066925Z,2026-02-22T02:09:47.589634Z,2026-02-22T02:09:50.05568Z,,2026-02-22T02:09:50.860723Z
no_outage_error_rate_100,100,0,100,0,204162,job-58,noop,failed,5,error about an error,2026-02-22T02:09:18.069527Z,2026-02-22T02:09:47.619168Z,2026-02-22T02:09:50.079868Z,,2026-02-22T02:09:50.885041Z
no_outage_error_rate_100,100,0,100,0,204163,job-59,noop,failed,5,refusing to complete,2026-02-22T02:09:18.072216Z,2026-02-22T02:09:47.637187Z,2026-02-22T02:09:50.084283Z,,2026-02-22T02:09:50.893375Z
no_outage_error_rate_100,100,0,100,0,204164,job-60,noop,failed,5,success was never an option,2026-02-22T02:09:18.074918Z,2026-02-22T02:09:47.640388Z,2026-02-22T02:09:50.085755Z,,2026-02-22T02:09:50.893375Z
no_outage_error_rate_100,100,0,100,0,204165,job-61,noop,failed,5,error thrown for educational purposes,2026-02-22T02:09:18.077616Z,2026-02-22T02:09:47.65315Z,2026-02-22T02:09:50.093993Z,,2026-02-22T02:09:50.898535Z
no_outage_error_rate_100,100,0,100,0,204166,job-62,noop,failed,5,could not not fail,2026-02-22T02:09:18.080538Z,2026-02-22T02:09:48.470397Z,2026-02-22T02:09:50.799169Z,,2026-02-22T02:09:51.604186Z
no_outage_error_rate_100,100,0,100,0,204167,job-63,noop,failed,5,success was never an option,2026-02-22T02:09:18.083614Z,2026-02-22T02:09:51.628946Z,2026-02-22T02:09:54.048214Z,,2026-02-22T02:09:54.856193Z
no_outage_error_rate_100,100,0,100,0,204168,job-64,noop,failed,5,refusing to complete,2026-02-22T02:09:18.086477Z,2026-02-22T02:10:01.37594Z,2026-02-22T02:10:03.805001Z,,2026-02-22T02:10:04.610105Z
no_outage_error_rate_100,100,0,100,0,204169,job-65,noop,failed,5,could not not fail,2026-02-22T02:09:18.089937Z,2026-02-22T02:10:01.411584Z,2026-02-22T02:10:03.847956Z,,2026-02-22T02:10:04.654258Z
no_outage_error_rate_100,100,0,100,0,204170,job-66,noop,failed,5,could not not fail,2026-02-22T02:09:18.093235Z,2026-02-22T02:10:01.42057Z,2026-02-22T02:10:03.854197Z,,2026-02-22T02:10:04.661753Z
no_outage_error_rate_100,100,0,100,0,204171,job-67,noop,failed,5,"this is not a bug, it's a statement",2026-02-22T02:09:18.096971Z,2026-02-22T02:10:01.434358Z,2026-02-22T02:10:03.871026Z,,2026-02-22T02:10:04.675779Z
no_outage_error_rate_100,100,0,100,0,204172,job-68,noop,failed,5,operation failed successfully,2026-02-22T02:09:18.102868Z,2026-02-22T02:10:01.458695Z,2026-02-22T02:10:03.894689Z,,2026-02-22T02:10:04.699573Z
no_outage_error_rate_100,100,0,100,0,204173,job-69,noop,failed,5,"this is not a bug, it's a statement",2026-02-22T02:09:18.105642Z,2026-02-22T02:10:01.478379Z,2026-02-22T02:10:03.907056Z,,2026-02-22T02:10:04.711731Z
no_outage_error_rate_100,100,0,100,0,204174,job-70,noop,failed,5,refusing to complete,2026-02-22T02:09:18.108291Z,2026-02-22T02:10:02.184996Z,2026-02-22T02:10:04.613468Z,,2026-02-22T02:10:05.421725Z
no_outage_error_rate_100,100,0,100,0,204175,job-71,noop,failed,5,this job has seen enough,2026-02-22T02:09:18.110834Z,2026-02-22T02:10:02.220264Z,2026-02-22T02:10:04.660447Z,,2026-02-22T02:10:05.467276Z
no_outage_error_rate_100,100,0,100,0,204176,job-72,noop,failed,5,could not not fail,2026-02-22T02:09:18.113609Z,2026-02-22T02:10:02.22922Z,2026-02-22T02:10:04.678451Z,,2026-02-22T02:10:05.484827Z
no_outage_error_rate_100,100,0,100,0,204177,job-73,noop,failed,5,refusing to complete,2026-02-22T02:09:18.116358Z,2026-02-22T02:10:02.247219Z,2026-02-22T02:10:04.702476Z,,2026-02-22T02:10:05.509511Z
no_outage_error_rate_100,100,0,100,0,204178,job-74,noop,failed,5,error thrown for educational purposes,2026-02-22T02:09:18.119435Z,2026-02-22T02:10:02.267186Z,2026-02-22T02:10:04.714781Z,,2026-02-22T02:10:05.521721Z
no_outage_error_rate_100,100,0,100,0,204179,job-75,noop,failed,5,could not not fail,2026-02-22T02:09:18.122547Z,2026-02-22T02:10:02.287667Z,2026-02-22T02:10:04.725574Z,,2026-02-22T02:10:05.535643Z
no_outage_error_rate_100,100,0,100,0,204180,job-76,noop,failed,5,refusing to complete,2026-02-22T02:09:18.12538Z,2026-02-22T02:10:02.296063Z,2026-02-22T02:10:04.737808Z,,2026-02-22T02:10:05.543101Z
no_outage_error_rate_100,100,0,100,0,204181,job-77,noop,failed,5,done trying,2026-02-22T02:09:18.128656Z,2026-02-22T02:10:02.308184Z,2026-02-22T02:10:05.425334Z,,2026-02-22T02:10:06.231979Z
no_outage_error_rate_100,100,0,100,0,204182,job-78,noop,failed,5,"this is not a bug, it's a statement",2026-02-22T02:09:18.132099Z,2026-02-22T02:10:02.993738Z,2026-02-22T02:10:05.470599Z,,2026-02-22T02:10:06.278847Z
no_outage_error_rate_100,100,0,100,0,204183,job-79,noop,failed,5,operation failed successfully,2026-02-22T02:09:18.138063Z,2026-02-22T02:10:03.031914Z,2026-02-22T02:10:05.474082Z,,2026-02-22T02:10:06.283086Z
no_outage_error_rate_100,100,0,100,0,204184,job-80,noop,failed,5,could not not fail,2026-02-22T02:09:18.140507Z,2026-02-22T02:10:03.038996Z,2026-02-22T02:10:05.490247Z,,2026-02-22T02:10:06.297371Z
no_outage_error_rate_100,100,0,100,0,204185,job-81,noop,failed,5,this job has seen enough,2026-02-22T02:09:18.143071Z,2026-02-22T02:10:03.055976Z,2026-02-22T02:10:05.515039Z,,2026-02-22T02:10:06.322159Z
no_outage_error_rate_100,100,0,100,0,204186,job-82,noop,failed,5,refusing to complete,2026-02-22T02:09:18.145474Z,2026-02-22T02:10:03.076118Z,2026-02-22T02:10:05.527881Z,,2026-02-22T02:10:06.333974Z
no_outage_error_rate_100,100,0,100,0,204187,job-83,noop,failed,5,refusing to complete,2026-02-22T02:09:18.14811Z,2026-02-22T02:10:03.095939Z,2026-02-22T02:10:05.540356Z,,2026-02-22T02:10:06.346499Z
no_outage_error_rate_100,100,0,100,0,204188,job-84,noop,failed,5,this job has seen enough,2026-02-22T02:09:18.151173Z,2026-02-22T02:10:03.104776Z,2026-02-22T02:10:05.546601Z,,2026-02-22T02:10:06.354459Z
no_outage_error_rate_100,100,0,100,0,204189,job-85,noop,failed,5,operation failed successfully,2026-02-22T02:09:18.154081Z,2026-02-22T02:10:03.116303Z,2026-02-22T02:10:06.237419Z,,2026-02-22T02:10:07.043296Z
no_outage_error_rate_100,100,0,100,0,204190,job-86,noop,failed,5,error about an error,2026-02-22T02:09:18.157132Z,2026-02-22T02:10:03.801727Z,2026-02-22T02:10:06.286361Z,,2026-02-22T02:10:07.095093Z
no_outage_error_rate_100,100,0,100,0,204191,job-87,noop,failed,5,error thrown for educational purposes,2026-02-22T02:09:18.160009Z,2026-02-22T02:10:03.843147Z,2026-02-22T02:10:06.289591Z,,2026-02-22T02:10:07.096337Z
no_outage_error_rate_100,100,0,100,0,204192,job-88,noop,failed,5,error about an error,2026-02-22T02:09:18.163273Z,2026-02-22T02:10:03.848996Z,2026-02-22T02:10:06.305348Z,,2026-02-22T02:10:07.110231Z
no_outage_error_rate_100,100,0,100,0,204193,job-89,noop,failed,5,refusing to complete,2026-02-22T02:09:18.166612Z,2026-02-22T02:10:03.865977Z,2026-02-22T02:10:06.326719Z,,2026-02-22T02:10:07.132122Z
no_outage_error_rate_100,100,0,100,0,204194,job-90,noop,failed,5,refusing to complete,2026-02-22T02:09:18.169997Z,2026-02-22T02:10:03.891298Z,2026-02-22T02:10:06.337635Z,,2026-02-22T02:10:07.142607Z
no_outage_error_rate_100,100,0,100,0,204195,job-91,noop,failed,5,this job has seen enough,2026-02-22T02:09:18.175914Z,2026-02-22T02:10:03.903512Z,2026-02-22T02:10:06.351194Z,,2026-02-22T02:10:07.157961Z
no_outage_error_rate_100,100,0,100,0,204196,job-92,noop,failed,5,this job has seen enough,2026-02-22T02:09:18.178582Z,2026-02-22T02:10:03.912431Z,2026-02-22T02:10:06.358778Z,,2026-02-22T02:10:07.166613Z
no_outage_error_rate_100,100,0,100,0,204197,job-93,noop,failed,5,done trying,2026-02-22T02:09:18.181057Z,2026-02-22T02:10:03.924383Z,2026-02-22T02:10:07.046949Z,,2026-02-22T02:10:07.851151Z
no_outage_error_rate_100,100,0,100,0,204198,job-94,noop,failed,5,operation failed successfully,2026-02-22T02:09:18.183551Z,2026-02-22T02:10:04.721451Z,2026-02-22T02:10:07.098137Z,,2026-02-22T02:10:07.902967Z
no_outage_error_rate_100,100,0,100,0,204199,job-95,noop,failed,5,error about an error,2026-02-22T02:09:18.186284Z,2026-02-22T02:10:07.90417Z,2026-02-22T02:10:09.905553Z,,2026-02-22T02:10:10.710921Z
no_outage_error_rate_100,100,0,100,0,204200,job-96,noop,failed,5,refusing to complete,2026-02-22T02:09:18.18908Z,2026-02-22T02:10:16.381008Z,2026-02-22T02:10:18.385135Z,,2026-02-22T02:10:19.190271Z
no_outage_error_rate_100,100,0,100,0,204201,job-97,noop,failed,5,operation failed successfully,2026-02-22T02:09:18.191904Z,2026-02-22T02:10:16.384106Z,2026-02-22T02:10:18.385716Z,,2026-02-22T02:10:19.191636Z
no_outage_error_rate_100,100,0,100,0,204202,job-98,noop,failed,5,done trying,2026-02-22T02:09:18.194764Z,2026-02-22T02:10:16.405329Z,2026-02-22T02:10:18.410156Z,,2026-02-22T02:10:19.215091Z
no_outage_error_rate_100,100,0,100,0,204203,job-99,noop,failed,5,"this is not a bug, it's a statement",2026-02-22T02:09:18.19828Z,2026-02-22T02:10:16.462198Z,2026-02-22T02:10:18.463604Z,,2026-02-22T02:10:19.269905Z
with_outage_error_rate_0,100,100,0,0,204204,job-0,noop,completed,2,,2026-02-22T02:10:19.416818Z,2026-02-22T02:10:19.416818Z,2026-02-22T02:10:19.748061Z,2026-02-22T02:10:50.570426Z,
with_outage_error_rate_0,100,100,0,0,204205,job-1,noop,completed,2,,2026-02-22T02:10:19.420364Z,2026-02-22T02:10:19.420364Z,2026-02-22T02:10:19.749047Z,2026-02-22T02:10:50.583612Z,
with_outage_error_rate_0,100,100,0,0,204206,job-2,noop,completed,2,,2026-02-22T02:10:19.423531Z,2026-02-22T02:10:19.423531Z,2026-02-22T02:10:19.750296Z,2026-02-22T02:10:50.590559Z,
with_outage_error_rate_0,100,100,0,0,204207,job-3,noop,completed,2,,2026-02-22T02:10:19.426544Z,2026-02-22T02:10:19.426544Z,2026-02-22T02:10:19.751351Z,2026-02-22T02:10:50.588421Z,
with_outage_error_rate_0,100,100,0,0,204208,job-4,noop,completed,2,,2026-02-22T02:10:19.429744Z,2026-02-22T02:10:19.429744Z,2026-02-22T02:10:19.752616Z,2026-02-22T02:10:50.601001Z,
with_outage_error_rate_0,100,100,0,0,204209,job-5,noop,completed,2,,2026-02-22T02:10:19.43266Z,2026-02-22T02:10:19.43266Z,2026-02-22T02:10:19.752616Z,2026-02-22T02:10:50.602029Z,
with_outage_error_rate_0,100,100,0,0,204210,job-6,noop,completed,2,,2026-02-22T02:10:19.435832Z,2026-02-22T02:10:19.435832Z,2026-02-22T02:10:19.753503Z,2026-02-22T02:10:50.602225Z,
with_outage_error_rate_0,100,100,0,0,204211,job-7,noop,completed,2,,2026-02-22T02:10:19.439114Z,2026-02-22T02:10:19.439114Z,2026-02-22T02:10:19.753897Z,2026-02-22T02:10:50.607585Z,
with_outage_error_rate_0,100,100,0,0,204212,job-8,noop,completed,2,,2026-02-22T02:10:19.44247Z,2026-02-22T02:10:19.44247Z,2026-02-22T02:10:20.757042Z,2026-02-22T02:10:51.567822Z,
with_outage_error_rate_0,100,100,0,0,204213,job-9,noop,completed,2,,2026-02-22T02:10:19.445753Z,2026-02-22T02:10:19.445753Z,2026-02-22T02:10:20.758726Z,2026-02-22T02:10:51.580536Z,
with_outage_error_rate_0,100,100,0,0,204214,job-10,noop,completed,2,,2026-02-22T02:10:19.451619Z,2026-02-22T02:10:19.451619Z,2026-02-22T02:10:20.762267Z,2026-02-22T02:10:51.583606Z,
with_outage_error_rate_0,100,100,0,0,204215,job-11,noop,completed,2,,2026-02-22T02:10:19.454115Z,2026-02-22T02:10:19.454115Z,2026-02-22T02:10:20.763243Z,2026-02-22T02:10:51.587261Z,
with_outage_error_rate_0,100,100,0,0,204216,job-12,noop,completed,2,,2026-02-22T02:10:19.45699Z,2026-02-22T02:10:19.45699Z,2026-02-22T02:10:20.763283Z,2026-02-22T02:10:51.586715Z,
with_outage_error_rate_0,100,100,0,0,204217,job-13,noop,completed,2,,2026-02-22T02:10:19.459677Z,2026-02-22T02:10:19.459677Z,2026-02-22T02:10:20.763419Z,2026-02-22T02:10:51.604047Z,
with_outage_error_rate_0,100,100,0,0,204218,job-14,noop,completed,2,,2026-02-22T02:10:19.462306Z,2026-02-22T02:10:19.462306Z,2026-02-22T02:10:20.763908Z,2026-02-22T02:10:51.624521Z,
with_outage_error_rate_0,100,100,0,0,204219,job-15,noop,completed,2,,2026-02-22T02:10:19.465365Z,2026-02-22T02:10:19.465365Z,2026-02-22T02:10:20.763959Z,2026-02-22T02:10:51.624039Z,
with_outage_error_rate_0,100,100,0,0,204220,job-16,noop,completed,2,,2026-02-22T02:10:19.468635Z,2026-02-22T02:10:19.468635Z,2026-02-22T02:10:21.766681Z,2026-02-22T02:10:52.587122Z,
with_outage_error_rate_0,100,100,0,0,204221,job-17,noop,completed,2,,2026-02-22T02:10:19.471931Z,2026-02-22T02:10:19.471931Z,2026-02-22T02:10:21.769421Z,2026-02-22T02:10:52.590137Z,
with_outage_error_rate_0,100,100,0,0,204222,job-18,noop,completed,2,,2026-02-22T02:10:19.475349Z,2026-02-22T02:10:19.475349Z,2026-02-22T02:10:21.772609Z,2026-02-22T02:10:52.594985Z,
with_outage_error_rate_0,100,100,0,0,204223,job-19,noop,completed,2,,2026-02-22T02:10:19.478738Z,2026-02-22T02:10:19.478738Z,2026-02-22T02:10:21.776715Z,2026-02-22T02:10:52.609094Z,
with_outage_error_rate_0,100,100,0,0,204224,job-20,noop,completed,2,,2026-02-22T02:10:19.482463Z,2026-02-22T02:10:19.482463Z,2026-02-22T02:10:21.777056Z,2026-02-22T02:10:52.618389Z,
with_outage_error_rate_0,100,100,0,0,204225,job-21,noop,completed,2,,2026-02-22T02:10:19.488484Z,2026-02-22T02:10:19.488484Z,2026-02-22T02:10:21.779106Z,2026-02-22T02:10:52.61736Z,
with_outage_error_rate_0,100,100,0,0,204226,job-22,noop,completed,2,,2026-02-22T02:10:19.49097Z,2026-02-22T02:10:19.49097Z,2026-02-22T02:10:21.779157Z,2026-02-22T02:10:52.615761Z,
with_outage_error_rate_0,100,100,0,0,204227,job-23,noop,completed,2,,2026-02-22T02:10:19.493561Z,2026-02-22T02:10:19.493561Z,2026-02-22T02:10:21.77936Z,2026-02-22T02:10:52.622983Z,
with_outage_error_rate_0,100,100,0,0,204228,job-24,noop,completed,2,,2026-02-22T02:10:19.49605Z,2026-02-22T02:10:19.49605Z,2026-02-22T02:10:22.778503Z,2026-02-22T02:10:53.582931Z,
with_outage_error_rate_0,100,100,0,0,204229,job-25,noop,completed,2,,2026-02-22T02:10:19.498827Z,2026-02-22T02:10:19.498827Z,2026-02-22T02:10:22.779442Z,2026-02-22T02:10:53.584066Z,
with_outage_error_rate_0,100,100,0,0,204230,job-26,noop,completed,2,,2026-02-22T02:10:19.501808Z,2026-02-22T02:10:19.501808Z,2026-02-22T02:10:22.793341Z,2026-02-22T02:10:53.610527Z,
with_outage_error_rate_0,100,100,0,0,204231,job-27,noop,completed,2,,2026-02-22T02:10:19.504792Z,2026-02-22T02:10:19.504792Z,2026-02-22T02:10:22.794384Z,2026-02-22T02:10:53.612004Z,
with_outage_error_rate_0,100,100,0,0,204232,job-28,noop,completed,2,,2026-02-22T02:10:19.507832Z,2026-02-22T02:10:19.507832Z,2026-02-22T02:10:22.794697Z,2026-02-22T02:10:53.613415Z,
with_outage_error_rate_0,100,100,0,0,204233,job-29,noop,completed,2,,2026-02-22T02:10:19.51112Z,2026-02-22T02:10:19.51112Z,2026-02-22T02:10:22.795856Z,2026-02-22T02:10:53.626375Z,
with_outage_error_rate_0,100,100,0,0,204234,job-30,noop,completed,2,,2026-02-22T02:10:19.51448Z,2026-02-22T02:10:19.51448Z,2026-02-22T02:10:22.796257Z,2026-02-22T02:10:53.639242Z,
with_outage_error_rate_0,100,100,0,0,204235,job-31,noop,completed,2,,2026-02-22T02:10:19.517924Z,2026-02-22T02:10:19.517924Z,2026-02-22T02:10:22.79653Z,2026-02-22T02:10:53.64056Z,
with_outage_error_rate_0,100,100,0,0,204236,job-32,noop,completed,2,,2026-02-22T02:10:19.523678Z,2026-02-22T02:10:19.523678Z,2026-02-22T02:10:23.756173Z,2026-02-22T02:10:54.576964Z,
with_outage_error_rate_0,100,100,0,0,204237,job-33,noop,completed,2,,2026-02-22T02:10:19.526128Z,2026-02-22T02:10:19.526128Z,2026-02-22T02:10:23.756351Z,2026-02-22T02:10:54.579372Z,
with_outage_error_rate_0,100,100,0,0,204238,job-34,noop,completed,2,,2026-02-22T02:10:19.528772Z,2026-02-22T02:10:19.528772Z,2026-02-22T02:10:23.756679Z,2026-02-22T02:10:54.579373Z,
with_outage_error_rate_0,100,100,0,0,204239,job-35,noop,completed,2,,2026-02-22T02:10:19.531493Z,2026-02-22T02:10:19.531493Z,2026-02-22T02:10:23.758526Z,2026-02-22T02:10:54.591019Z,
with_outage_error_rate_0,100,100,0,0,204240,job-36,noop,completed,2,,2026-02-22T02:10:19.534328Z,2026-02-22T02:10:19.534328Z,2026-02-22T02:10:23.759797Z,2026-02-22T02:10:54.599152Z,
with_outage_error_rate_0,100,100,0,0,204241,job-37,noop,completed,2,,2026-02-22T02:10:19.537263Z,2026-02-22T02:10:19.537263Z,2026-02-22T02:10:23.759936Z,2026-02-22T02:10:54.603876Z,
with_outage_error_rate_0,100,100,0,0,204242,job-38,noop,completed,2,,2026-02-22T02:10:19.540193Z,2026-02-22T02:10:19.540193Z,2026-02-22T02:10:23.790595Z,2026-02-22T02:10:54.60661Z,
with_outage_error_rate_0,100,100,0,0,204243,job-39,noop,completed,2,,2026-02-22T02:10:19.543149Z,2026-02-22T02:10:19.543149Z,2026-02-22T02:10:23.793482Z,2026-02-22T02:10:54.605867Z,
with_outage_error_rate_0,100,100,0,0,204244,job-40,noop,completed,1,,2026-02-22T02:10:19.546608Z,2026-02-22T02:10:19.546608Z,2026-02-22T02:10:24.752168Z,2026-02-22T02:10:25.559332Z,
with_outage_error_rate_0,100,100,0,0,204245,job-41,noop,completed,1,,2026-02-22T02:10:19.550095Z,2026-02-22T02:10:19.550095Z,2026-02-22T02:10:24.766223Z,2026-02-22T02:10:25.573792Z,
with_outage_error_rate_0,100,100,0,0,204246,job-42,noop,completed,1,,2026-02-22T02:10:19.553697Z,2026-02-22T02:10:19.553697Z,2026-02-22T02:10:24.768703Z,2026-02-22T02:10:25.579619Z,
with_outage_error_rate_0,100,100,0,0,204247,job-43,noop,completed,1,,2026-02-22T02:10:19.559756Z,2026-02-22T02:10:19.559756Z,2026-02-22T02:10:24.771629Z,2026-02-22T02:10:25.583812Z,
with_outage_error_rate_0,100,100,0,0,204248,job-44,noop,completed,1,,2026-02-22T02:10:19.562256Z,2026-02-22T02:10:19.562256Z,2026-02-22T02:10:24.77193Z,2026-02-22T02:10:25.584432Z,
with_outage_error_rate_0,100,100,0,0,204249,job-45,noop,completed,1,,2026-02-22T02:10:19.564695Z,2026-02-22T02:10:19.564695Z,2026-02-22T02:10:24.772571Z,2026-02-22T02:10:25.587013Z,
with_outage_error_rate_0,100,100,0,0,204250,job-46,noop,completed,1,,2026-02-22T02:10:19.567281Z,2026-02-22T02:10:19.567281Z,2026-02-22T02:10:24.773915Z,2026-02-22T02:10:25.586842Z,
with_outage_error_rate_0,100,100,0,0,204251,job-47,noop,completed,1,,2026-02-22T02:10:19.570045Z,2026-02-22T02:10:19.570045Z,2026-02-22T02:10:24.80413Z,2026-02-22T02:10:25.614732Z,
with_outage_error_rate_0,100,100,0,0,204252,job-48,noop,completed,1,,2026-02-22T02:10:19.573329Z,2026-02-22T02:10:19.573329Z,2026-02-22T02:10:25.564041Z,2026-02-22T02:10:26.370527Z,
with_outage_error_rate_0,100,100,0,0,204253,job-49,noop,completed,1,,2026-02-22T02:10:19.576319Z,2026-02-22T02:10:19.576319Z,2026-02-22T02:10:25.581818Z,2026-02-22T02:10:26.394271Z,
with_outage_error_rate_0,100,100,0,0,204254,job-50,noop,completed,1,,2026-02-22T02:10:19.579347Z,2026-02-22T02:10:19.579347Z,2026-02-22T02:10:25.591127Z,2026-02-22T02:10:26.40599Z,
with_outage_error_rate_0,100,100,0,0,204255,job-51,noop,completed,1,,2026-02-22T02:10:19.582217Z,2026-02-22T02:10:19.582217Z,2026-02-22T02:10:25.592163Z,2026-02-22T02:10:26.40464Z,
with_outage_error_rate_0,100,100,0,0,204256,job-52,noop,completed,1,,2026-02-22T02:10:19.585553Z,2026-02-22T02:10:19.585553Z,2026-02-22T02:10:25.59752Z,2026-02-22T02:10:26.414398Z,
with_outage_error_rate_0,100,100,0,0,204257,job-53,noop,completed,1,,2026-02-22T02:10:19.58881Z,2026-02-22T02:10:19.58881Z,2026-02-22T02:10:25.600006Z,2026-02-22T02:10:26.407417Z,
with_outage_error_rate_0,100,100,0,0,204258,job-54,noop,completed,1,,2026-02-22T02:10:19.592229Z,2026-02-22T02:10:19.592229Z,2026-02-22T02:10:25.602514Z,2026-02-22T02:10:26.415918Z,
with_outage_error_rate_0,100,100,0,0,204259,job-55,noop,completed,1,,2026-02-22T02:10:19.598042Z,2026-02-22T02:10:19.598042Z,2026-02-22T02:10:25.619928Z,2026-02-22T02:10:26.42731Z,
with_outage_error_rate_0,100,100,0,0,204260,job-56,noop,completed,1,,2026-02-22T02:10:19.600515Z,2026-02-22T02:10:19.600515Z,2026-02-22T02:10:26.375915Z,2026-02-22T02:10:27.18345Z,
with_outage_error_rate_0,100,100,0,0,204261,job-57,noop,completed,1,,2026-02-22T02:10:19.603313Z,2026-02-22T02:10:19.603313Z,2026-02-22T02:10:26.399643Z,2026-02-22T02:10:27.20595Z,
with_outage_error_rate_0,100,100,0,0,204262,job-58,noop,completed,1,,2026-02-22T02:10:19.605913Z,2026-02-22T02:10:19.605913Z,2026-02-22T02:10:26.41044Z,2026-02-22T02:10:27.218578Z,
with_outage_error_rate_0,100,100,0,0,204263,job-59,noop,completed,1,,2026-02-22T02:10:19.609131Z,2026-02-22T02:10:19.609131Z,2026-02-22T02:10:26.414639Z,2026-02-22T02:10:27.22212Z,
with_outage_error_rate_0,100,100,0,0,204264,job-60,noop,completed,1,,2026-02-22T02:10:19.612079Z,2026-02-22T02:10:19.612079Z,2026-02-22T02:10:26.416926Z,2026-02-22T02:10:27.227656Z,
with_outage_error_rate_0,100,100,0,0,204265,job-61,noop,completed,1,,2026-02-22T02:10:19.615067Z,2026-02-22T02:10:19.615067Z,2026-02-22T02:10:26.421468Z,2026-02-22T02:10:27.231798Z,
with_outage_error_rate_0,100,100,0,0,204266,job-62,noop,completed,1,,2026-02-22T02:10:19.617969Z,2026-02-22T02:10:19.617969Z,2026-02-22T02:10:26.424065Z,2026-02-22T02:10:27.234431Z,
with_outage_error_rate_0,100,100,0,0,204267,job-63,noop,completed,1,,2026-02-22T02:10:19.621537Z,2026-02-22T02:10:19.621537Z,2026-02-22T02:10:26.432435Z,2026-02-22T02:10:27.244226Z,
with_outage_error_rate_0,100,100,0,0,204268,job-64,noop,completed,1,,2026-02-22T02:10:19.625072Z,2026-02-22T02:10:19.625072Z,2026-02-22T02:10:27.191978Z,2026-02-22T02:10:27.998783Z,
with_outage_error_rate_0,100,100,0,0,204269,job-65,noop,completed,1,,2026-02-22T02:10:19.628402Z,2026-02-22T02:10:19.628402Z,2026-02-22T02:10:27.210684Z,2026-02-22T02:10:28.017424Z,
with_outage_error_rate_0,100,100,0,0,204270,job-66,noop,completed,1,,2026-02-22T02:10:19.634424Z,2026-02-22T02:10:19.634424Z,2026-02-22T02:10:27.224789Z,2026-02-22T02:10:28.033995Z,
with_outage_error_rate_0,100,100,0,0,204271,job-67,noop,completed,1,,2026-02-22T02:10:19.637288Z,2026-02-22T02:10:19.637288Z,2026-02-22T02:10:27.230487Z,2026-02-22T02:10:28.038903Z,
with_outage_error_rate_0,100,100,0,0,204272,job-68,noop,completed,1,,2026-02-22T02:10:19.639721Z,2026-02-22T02:10:19.639721Z,2026-02-22T02:10:27.237351Z,2026-02-22T02:10:28.049906Z,
with_outage_error_rate_0,100,100,0,0,204273,job-69,noop,completed,1,,2026-02-22T02:10:19.642364Z,2026-02-22T02:10:19.642364Z,2026-02-22T02:10:27.242454Z,2026-02-22T02:10:28.052527Z,
with_outage_error_rate_0,100,100,0,0,204274,job-70,noop,completed,1,,2026-02-22T02:10:19.64492Z,2026-02-22T02:10:19.64492Z,2026-02-22T02:10:27.245257Z,2026-02-22T02:10:28.051908Z,
with_outage_error_rate_0,100,100,0,0,204275,job-71,noop,completed,1,,2026-02-22T02:10:19.64771Z,2026-02-22T02:10:19.64771Z,2026-02-22T02:10:27.249765Z,2026-02-22T02:10:28.057268Z,
with_outage_error_rate_0,100,100,0,0,204276,job-72,noop,completed,1,,2026-02-22T02:10:19.650555Z,2026-02-22T02:10:19.650555Z,2026-02-22T02:10:28.00387Z,2026-02-22T02:10:28.811291Z,
with_outage_error_rate_0,100,100,0,0,204277,job-73,noop,completed,1,,2026-02-22T02:10:19.653472Z,2026-02-22T02:10:19.653472Z,2026-02-22T02:10:28.022519Z,2026-02-22T02:10:28.829736Z,
with_outage_error_rate_0,100,100,0,0,204278,job-74,noop,completed,1,,2026-02-22T02:10:19.656804Z,2026-02-22T02:10:19.656804Z,2026-02-22T02:10:28.042856Z,2026-02-22T02:10:28.852942Z,
with_outage_error_rate_0,100,100,0,0,204279,job-75,noop,completed,1,,2026-02-22T02:10:19.660283Z,2026-02-22T02:10:19.660283Z,2026-02-22T02:10:28.045665Z,2026-02-22T02:10:28.854729Z,
with_outage_error_rate_0,100,100,0,0,204280,job-76,noop,completed,1,,2026-02-22T02:10:19.663564Z,2026-02-22T02:10:19.663564Z,2026-02-22T02:10:28.057469Z,2026-02-22T02:10:28.866933Z,
with_outage_error_rate_0,100,100,0,0,204281,job-77,noop,completed,1,,2026-02-22T02:10:19.669718Z,2026-02-22T02:10:19.669718Z,2026-02-22T02:10:28.061622Z,2026-02-22T02:10:28.87236Z,
with_outage_error_rate_0,100,100,0,0,204282,job-78,noop,completed,1,,2026-02-22T02:10:19.672364Z,2026-02-22T02:10:19.672364Z,2026-02-22T02:10:28.062586Z,2026-02-22T02:10:28.873491Z,
with_outage_error_rate_0,100,100,0,0,204283,job-79,noop,completed,1,,2026-02-22T02:10:19.67517Z,2026-02-22T02:10:19.67517Z,2026-02-22T02:10:28.065057Z,2026-02-22T02:10:28.875252Z,
with_outage_error_rate_0,100,100,0,0,204284,job-80,noop,completed,1,,2026-02-22T02:10:19.67779Z,2026-02-22T02:10:19.67779Z,2026-02-22T02:10:28.817161Z,2026-02-22T02:10:29.627667Z,
with_outage_error_rate_0,100,100,0,0,204285,job-81,noop,completed,1,,2026-02-22T02:10:19.680468Z,2026-02-22T02:10:19.680468Z,2026-02-22T02:10:28.835535Z,2026-02-22T02:10:29.642529Z,
with_outage_error_rate_0,100,100,0,0,204286,job-82,noop,completed,1,,2026-02-22T02:10:19.683308Z,2026-02-22T02:10:19.683308Z,2026-02-22T02:10:28.860989Z,2026-02-22T02:10:29.667902Z,
with_outage_error_rate_0,100,100,0,0,204287,job-83,noop,completed,1,,2026-02-22T02:10:19.686291Z,2026-02-22T02:10:19.686291Z,2026-02-22T02:10:28.863198Z,2026-02-22T02:10:29.671471Z,
with_outage_error_rate_0,100,100,0,0,204288,job-84,noop,completed,1,,2026-02-22T02:10:19.689347Z,2026-02-22T02:10:19.689347Z,2026-02-22T02:10:28.877644Z,2026-02-22T02:10:29.687867Z,
with_outage_error_rate_0,100,100,0,0,204289,job-85,noop,completed,1,,2026-02-22T02:10:19.693101Z,2026-02-22T02:10:19.693101Z,2026-02-22T02:10:28.88009Z,2026-02-22T02:10:29.690925Z,
with_outage_error_rate_0,100,100,0,0,204290,job-86,noop,completed,1,,2026-02-22T02:10:19.696419Z,2026-02-22T02:10:19.696419Z,2026-02-22T02:10:28.882704Z,2026-02-22T02:10:29.692992Z,
with_outage_error_rate_0,100,100,0,0,204291,job-87,noop,completed,1,,2026-02-22T02:10:19.699669Z,2026-02-22T02:10:19.699669Z,2026-02-22T02:10:28.884491Z,2026-02-22T02:10:29.694111Z,
with_outage_error_rate_0,100,100,0,0,204292,job-88,noop,completed,1,,2026-02-22T02:10:19.705495Z,2026-02-22T02:10:19.705495Z,2026-02-22T02:10:29.633212Z,2026-02-22T02:10:30.43952Z,
with_outage_error_rate_0,100,100,0,0,204293,job-89,noop,completed,1,,2026-02-22T02:10:19.707992Z,2026-02-22T02:10:19.707992Z,2026-02-22T02:10:29.647232Z,2026-02-22T02:10:30.452988Z,
with_outage_error_rate_0,100,100,0,0,204294,job-90,noop,completed,1,,2026-02-22T02:10:19.710672Z,2026-02-22T02:10:19.710672Z,2026-02-22T02:10:29.67376Z,2026-02-22T02:10:30.480096Z,
with_outage_error_rate_0,100,100,0,0,204295,job-91,noop,completed,1,,2026-02-22T02:10:19.713287Z,2026-02-22T02:10:19.713287Z,2026-02-22T02:10:29.677612Z,2026-02-22T02:10:30.483863Z,
with_outage_error_rate_0,100,100,0,0,204296,job-92,noop,completed,1,,2026-02-22T02:10:19.715794Z,2026-02-22T02:10:19.715794Z,2026-02-22T02:10:29.694649Z,2026-02-22T02:10:30.504352Z,
with_outage_error_rate_0,100,100,0,0,204297,job-93,noop,completed,1,,2026-02-22T02:10:19.718501Z,2026-02-22T02:10:19.718501Z,2026-02-22T02:10:29.700136Z,2026-02-22T02:10:30.507323Z,
with_outage_error_rate_0,100,100,0,0,204298,job-94,noop,completed,1,,2026-02-22T02:10:19.721332Z,2026-02-22T02:10:19.721332Z,2026-02-22T02:10:29.702997Z,2026-02-22T02:10:30.511332Z,
with_outage_error_rate_0,100,100,0,0,204299,job-95,noop,completed,1,,2026-02-22T02:10:19.724229Z,2026-02-22T02:10:19.724229Z,2026-02-22T02:10:29.702997Z,2026-02-22T02:10:30.511332Z,
with_outage_error_rate_0,100,100,0,0,204300,job-96,noop,completed,1,,2026-02-22T02:10:19.727242Z,2026-02-22T02:10:19.727242Z,2026-02-22T02:10:30.444666Z,2026-02-22T02:10:31.250723Z,
with_outage_error_rate_0,100,100,0,0,204301,job-97,noop,completed,1,,2026-02-22T02:10:19.730489Z,2026-02-22T02:10:19.730489Z,2026-02-22T02:10:30.458023Z,2026-02-22T02:10:31.263754Z,
with_outage_error_rate_0,100,100,0,0,204302,job-98,noop,completed,1,,2026-02-22T02:10:19.73369Z,2026-02-22T02:10:19.73369Z,2026-02-22T02:10:30.486957Z,2026-02-22T02:10:31.292734Z,
with_outage_error_rate_0,100,100,0,0,204303,job-99,noop,completed,1,,2026-02-22T02:10:19.737184Z,2026-02-22T02:10:19.737184Z,2026-02-22T02:10:30.489685Z,2026-02-22T02:10:31.295859Z,
with_outage_error_rate_100,100,0,100,0,204304,job-0,noop,failed,5,error thrown for educational purposes,2026-02-22T02:10:54.63964Z,2026-02-22T02:11:31.667593Z,2026-02-22T02:11:33.705351Z,,2026-02-22T02:11:34.510596Z
with_outage_error_rate_100,100,0,100,0,204305,job-1,noop,failed,5,"this is not a bug, it's a statement",2026-02-22T02:10:54.643843Z,2026-02-22T02:11:31.698819Z,2026-02-22T02:11:33.747977Z,,2026-02-22T02:11:34.555702Z
with_outage_error_rate_100,100,0,100,0,204306,job-2,noop,failed,5,done trying,2026-02-22T02:10:54.647547Z,2026-02-22T02:11:31.700394Z,2026-02-22T02:11:33.761786Z,,2026-02-22T02:11:34.565981Z
with_outage_error_rate_100,100,0,100,0,204307,job-3,noop,failed,5,this job has seen enough,2026-02-22T02:10:54.650835Z,2026-02-22T02:11:31.740586Z,2026-02-22T02:11:33.77155Z,,2026-02-22T02:11:34.576183Z
with_outage_error_rate_100,100,0,100,0,204308,job-4,noop,failed,5,this job has seen enough,2026-02-22T02:10:54.654241Z,2026-02-22T02:11:32.080966Z,2026-02-22T02:11:34.096075Z,,2026-02-22T02:11:34.901283Z
with_outage_error_rate_100,100,0,100,0,204309,job-5,noop,failed,5,this job has seen enough,2026-02-22T02:10:54.6577Z,2026-02-22T02:11:32.127621Z,2026-02-22T02:11:34.13513Z,,2026-02-22T02:11:34.94108Z
with_outage_error_rate_100,100,0,100,0,204310,job-6,noop,failed,5,refusing to complete,2026-02-22T02:10:54.663867Z,2026-02-22T02:11:32.139285Z,2026-02-22T02:11:34.171911Z,,2026-02-22T02:11:34.979933Z
with_outage_error_rate_100,100,0,100,0,204311,job-7,noop,failed,5,"this is not a bug, it's a statement",2026-02-22T02:10:54.66647Z,2026-02-22T02:11:32.148557Z,2026-02-22T02:11:34.514005Z,,2026-02-22T02:11:35.318952Z
with_outage_error_rate_100,100,0,100,0,204312,job-8,noop,failed,5,"this is not a bug, it's a statement",2026-02-22T02:10:54.669163Z,2026-02-22T02:11:32.475393Z,2026-02-22T02:11:34.558191Z,,2026-02-22T02:11:35.362718Z
with_outage_error_rate_100,100,0,100,0,204313,job-9,noop,failed,5,done trying,2026-02-22T02:10:54.671714Z,2026-02-22T02:11:32.507836Z,2026-02-22T02:11:34.568566Z,,2026-02-22T02:11:35.373566Z
with_outage_error_rate_100,100,0,100,0,204314,job-10,noop,failed,5,success was never an option,2026-02-22T02:10:54.674773Z,2026-02-22T02:11:32.893425Z,2026-02-22T02:11:34.904597Z,,2026-02-22T02:11:35.712704Z
with_outage_error_rate_100,100,0,100,0,204315,job-11,noop,failed,5,could not not fail,2026-02-22T02:10:54.677867Z,2026-02-22T02:11:32.935881Z,2026-02-22T02:11:34.944787Z,,2026-02-22T02:11:35.749348Z
with_outage_error_rate_100,100,0,100,0,204316,job-12,noop,failed,5,refusing to complete,2026-02-22T02:10:54.680696Z,2026-02-22T02:11:32.94859Z,2026-02-22T02:11:34.982547Z,,2026-02-22T02:11:35.787563Z
with_outage_error_rate_100,100,0,100,0,204317,job-13,noop,failed,5,operation failed successfully,2026-02-22T02:10:54.68416Z,2026-02-22T02:11:32.95593Z,2026-02-22T02:11:35.321908Z,,2026-02-22T02:11:36.127038Z
with_outage_error_rate_100,100,0,100,0,204318,job-14,noop,failed,5,this job has seen enough,2026-02-22T02:10:54.687491Z,2026-02-22T02:11:33.284045Z,2026-02-22T02:11:35.365725Z,,2026-02-22T02:11:36.171014Z
with_outage_error_rate_100,100,0,100,0,204319,job-15,noop,failed,5,"this is not a bug, it's a statement",2026-02-22T02:10:54.690934Z,2026-02-22T02:11:33.318431Z,2026-02-22T02:11:35.377025Z,,2026-02-22T02:11:36.181179Z
with_outage_error_rate_100,100,0,100,0,204320,job-16,noop,failed,5,refusing to complete,2026-02-22T02:10:54.694319Z,2026-02-22T02:11:33.701761Z,2026-02-22T02:11:35.71544Z,,2026-02-22T02:11:36.520203Z
with_outage_error_rate_100,100,0,100,0,204321,job-17,noop,failed,5,done trying,2026-02-22T02:10:54.700572Z,2026-02-22T02:11:33.743889Z,2026-02-22T02:11:35.754028Z,,2026-02-22T02:11:36.561913Z
with_outage_error_rate_100,100,0,100,0,204322,job-18,noop,failed,5,"this is not a bug, it's a statement",2026-02-22T02:10:54.703052Z,2026-02-22T02:11:33.757505Z,2026-02-22T02:11:35.791236Z,,2026-02-22T02:11:36.599273Z
with_outage_error_rate_100,100,0,100,0,204323,job-19,noop,failed,5,error about an error,2026-02-22T02:10:54.705566Z,2026-02-22T02:11:34.092667Z,2026-02-22T02:11:36.130494Z,,2026-02-22T02:11:36.93734Z
with_outage_error_rate_100,100,0,100,0,204324,job-20,noop,failed,5,could not not fail,2026-02-22T02:10:54.708316Z,2026-02-22T02:11:34.1304Z,2026-02-22T02:11:36.177464Z,,2026-02-22T02:11:36.983869Z
with_outage_error_rate_100,100,0,100,0,204325,job-21,noop,failed,5,error thrown for educational purposes,2026-02-22T02:10:54.711487Z,2026-02-22T02:11:34.167767Z,2026-02-22T02:11:36.183692Z,,2026-02-22T02:11:36.991545Z
with_outage_error_rate_100,100,0,100,0,204326,job-22,noop,failed,5,this job has seen enough,2026-02-22T02:10:54.714708Z,2026-02-22T02:11:34.131762Z,2026-02-22T02:11:36.196643Z,,2026-02-22T02:11:37.003526Z
with_outage_error_rate_100,100,0,100,0,204327,job-23,noop,failed,5,error about an error,2026-02-22T02:10:54.717473Z,2026-02-22T02:11:35.384036Z,2026-02-22T02:11:37.388313Z,,2026-02-22T02:11:38.19626Z
with_outage_error_rate_100,100,0,100,0,204328,job-24,noop,failed,5,"this is not a bug, it's a statement",2026-02-22T02:10:54.720303Z,2026-02-22T02:11:35.752462Z,2026-02-22T02:11:37.754383Z,,2026-02-22T02:11:38.564481Z
with_outage_error_rate_100,100,0,100,0,204329,job-25,noop,failed,5,refusing to complete,2026-02-22T02:10:54.723714Z,2026-02-22T02:11:36.192798Z,2026-02-22T02:11:38.199896Z,,2026-02-22T02:11:39.007799Z
with_outage_error_rate_100,100,0,100,0,204330,job-26,noop,failed,5,done trying,2026-02-22T02:10:54.727242Z,2026-02-22T02:11:36.564183Z,2026-02-22T02:11:38.568317Z,,2026-02-22T02:11:39.37512Z
with_outage_error_rate_100,100,0,100,0,204331,job-27,noop,failed,5,operation failed successfully,2026-02-22T02:10:54.730587Z,2026-02-22T02:11:37.332054Z,2026-02-22T02:11:39.379669Z,,2026-02-22T02:11:40.187413Z
with_outage_error_rate_100,100,0,100,0,204332,job-28,noop,failed,5,"this is not a bug, it's a statement",2026-02-22T02:10:54.736713Z,2026-02-22T02:11:40.63687Z,2026-02-22T02:11:42.642308Z,,2026-02-22T02:11:43.448097Z
with_outage_error_rate_100,100,0,100,0,204333,job-29,noop,failed,5,error about an error,2026-02-22T02:10:54.739274Z,2026-02-22T02:11:43.077998Z,2026-02-22T02:11:45.111749Z,,2026-02-22T02:11:45.915967Z
with_outage_error_rate_100,100,0,100,0,204334,job-30,noop,failed,5,this job has seen enough,2026-02-22T02:10:54.741842Z,2026-02-22T02:11:43.087419Z,2026-02-22T02:11:45.146714Z,,2026-02-22T02:11:45.951143Z
with_outage_error_rate_100,100,0,100,0,204335,job-31,noop,failed,5,"this is not a bug, it's a statement",2026-02-22T02:10:54.744382Z,2026-02-22T02:11:43.094618Z,2026-02-22T02:11:45.150564Z,,2026-02-22T02:11:45.955515Z
with_outage_error_rate_100,100,0,100,0,204336,job-32,noop,failed,5,error about an error,2026-02-22T02:10:54.747485Z,2026-02-22T02:11:43.492295Z,2026-02-22T02:11:45.507076Z,,2026-02-22T02:11:46.311775Z
with_outage_error_rate_100,100,0,100,0,204337,job-33,noop,failed,5,"this is not a bug, it's a statement",2026-02-22T02:10:54.75052Z,2026-02-22T02:11:43.521134Z,2026-02-22T02:11:45.523386Z,,2026-02-22T02:11:46.328466Z
with_outage_error_rate_100,100,0,100,0,204338,job-34,noop,failed,5,done trying,2026-02-22T02:10:54.753477Z,2026-02-22T02:11:43.526669Z,2026-02-22T02:11:45.876578Z,,2026-02-22T02:11:46.681223Z
with_outage_error_rate_100,100,0,100,0,204339,job-35,noop,failed,5,this job has seen enough,2026-02-22T02:10:54.756686Z,2026-02-22T02:11:43.842756Z,2026-02-22T02:11:45.918495Z,,2026-02-22T02:11:46.722953Z
with_outage_error_rate_100,100,0,100,0,204340,job-36,noop,failed,5,"this is not a bug, it's a statement",2026-02-22T02:10:54.760314Z,2026-02-22T02:11:43.886426Z,2026-02-22T02:11:45.954056Z,,2026-02-22T02:11:46.759066Z
with_outage_error_rate_100,100,0,100,0,204341,job-37,noop,failed,5,error about an error,2026-02-22T02:10:54.763733Z,2026-02-22T02:11:43.895603Z,2026-02-22T02:11:45.958365Z,,2026-02-22T02:11:46.76425Z
with_outage_error_rate_100,100,0,100,0,204342,job-38,noop,failed,5,success was never an option,2026-02-22T02:10:54.767266Z,2026-02-22T02:11:44.300137Z,2026-02-22T02:11:46.31772Z,,2026-02-22T02:11:47.122392Z
with_outage_error_rate_100,100,0,100,0,204343,job-39,noop,failed,5,"this is not a bug, it's a statement",2026-02-22T02:10:54.770679Z,2026-02-22T02:11:44.329509Z,2026-02-22T02:11:46.329881Z,,2026-02-22T02:11:47.134052Z
with_outage_error_rate_100,100,0,100,0,204344,job-40,noop,failed,5,done trying,2026-02-22T02:10:54.777114Z,2026-02-22T02:11:10.523271Z,2026-02-22T02:11:12.973466Z,,2026-02-22T02:11:13.782266Z
with_outage_error_rate_100,100,0,100,0,204345,job-41,noop,failed,5,error thrown for educational purposes,2026-02-22T02:10:54.779636Z,2026-02-22T02:11:10.533535Z,2026-02-22T02:11:12.983695Z,,2026-02-22T02:11:13.792004Z
with_outage_error_rate_100,100,0,100,0,204346,job-42,noop,failed,5,operation failed successfully,2026-02-22T02:10:54.782285Z,2026-02-22T02:11:10.550461Z,2026-02-22T02:11:12.993833Z,,2026-02-22T02:11:13.801489Z
with_outage_error_rate_100,100,0,100,0,204347,job-43,noop,failed,5,this job has seen enough,2026-02-22T02:10:54.785368Z,2026-02-22T02:11:10.566319Z,2026-02-22T02:11:13.017233Z,,2026-02-22T02:11:13.825568Z
with_outage_error_rate_100,100,0,100,0,204348,job-44,noop,failed,5,could not not fail,2026-02-22T02:10:54.788192Z,2026-02-22T02:11:10.566208Z,2026-02-22T02:11:13.021468Z,,2026-02-22T02:11:13.832259Z
with_outage_error_rate_100,100,0,100,0,204349,job-45,noop,failed,5,could not not fail,2026-02-22T02:10:54.791175Z,2026-02-22T02:11:10.586197Z,2026-02-22T02:11:13.030367Z,,2026-02-22T02:11:13.8387Z
with_outage_error_rate_100,100,0,100,0,204350,job-46,noop,failed,5,error about an error,2026-02-22T02:10:54.794168Z,2026-02-22T02:11:10.598867Z,2026-02-22T02:11:13.045543Z,,2026-02-22T02:11:13.853026Z
with_outage_error_rate_100,100,0,100,0,204351,job-47,noop,failed,5,error thrown for educational purposes,2026-02-22T02:10:54.797651Z,2026-02-22T02:11:10.601268Z,2026-02-22T02:11:13.049081Z,,2026-02-22T02:11:13.860639Z
with_outage_error_rate_100,100,0,100,0,204352,job-48,noop,failed,5,this job has seen enough,2026-02-22T02:10:54.801632Z,2026-02-22T02:11:11.331933Z,2026-02-22T02:11:13.791455Z,,2026-02-22T02:11:14.598371Z
with_outage_error_rate_100,100,0,100,0,204353,job-49,noop,failed,5,refusing to complete,2026-02-22T02:10:54.805033Z,2026-02-22T02:11:11.34244Z,2026-02-22T02:11:13.796939Z,,2026-02-22T02:11:14.606634Z
with_outage_error_rate_100,100,0,100,0,204354,job-50,noop,failed,5,error about an error,2026-02-22T02:10:54.808515Z,2026-02-22T02:11:11.35998Z,2026-02-22T02:11:13.806462Z,,2026-02-22T02:11:14.614048Z
with_outage_error_rate_100,100,0,100,0,204355,job-51,noop,failed,5,success was never an option,2026-02-22T02:10:54.814703Z,2026-02-22T02:11:11.379563Z,2026-02-22T02:11:13.831774Z,,2026-02-22T02:11:14.666458Z
with_outage_error_rate_100,100,0,100,0,204356,job-52,noop,failed,5,"this is not a bug, it's a statement",2026-02-22T02:10:54.817395Z,2026-02-22T02:11:11.380266Z,2026-02-22T02:11:13.838697Z,,2026-02-22T02:11:14.666522Z
with_outage_error_rate_100,100,0,100,0,204357,job-53,noop,failed,5,success was never an option,2026-02-22T02:10:54.820026Z,2026-02-22T02:11:11.397804Z,2026-02-22T02:11:13.844462Z,,2026-02-22T02:11:14.668481Z
with_outage_error_rate_100,100,0,100,0,204358,job-54,noop,failed,5,could not not fail,2026-02-22T02:10:54.822942Z,2026-02-22T02:11:11.408644Z,2026-02-22T02:11:13.860697Z,,2026-02-22T02:11:14.669994Z
with_outage_error_rate_100,100,0,100,0,204359,job-55,noop,failed,5,operation failed successfully,2026-02-22T02:10:54.826287Z,2026-02-22T02:11:12.148099Z,2026-02-22T02:11:14.604088Z,,2026-02-22T02:11:15.411816Z
with_outage_error_rate_100,100,0,100,0,204360,job-56,noop,failed,5,done trying,2026-02-22T02:10:54.829611Z,2026-02-22T02:11:12.155668Z,2026-02-22T02:11:14.612437Z,,2026-02-22T02:11:15.422621Z
with_outage_error_rate_100,100,0,100,0,204361,job-57,noop,failed,5,error about an error,2026-02-22T02:10:54.832765Z,2026-02-22T02:11:12.171403Z,2026-02-22T02:11:14.675811Z,,2026-02-22T02:11:15.489384Z
with_outage_error_rate_100,100,0,100,0,204362,job-58,noop,failed,5,error thrown for educational purposes,2026-02-22T02:10:54.83627Z,2026-02-22T02:11:12.190327Z,2026-02-22T02:11:14.678169Z,,2026-02-22T02:11:15.485829Z
with_outage_error_rate_100,100,0,100,0,204363,job-59,noop,failed,5,could not not fail,2026-02-22T02:10:54.839704Z,2026-02-22T02:11:12.191847Z,2026-02-22T02:11:14.678875Z,,2026-02-22T02:11:15.490322Z
with_outage_error_rate_100,100,0,100,0,204364,job-60,noop,failed,5,could not not fail,2026-02-22T02:10:54.843243Z,2026-02-22T02:11:12.207555Z,2026-02-22T02:11:14.679728Z,,2026-02-22T02:11:15.489384Z
with_outage_error_rate_100,100,0,100,0,204365,job-61,noop,failed,5,"this is not a bug, it's a statement",2026-02-22T02:10:54.846919Z,2026-02-22T02:11:12.224655Z,2026-02-22T02:11:14.687925Z,,2026-02-22T02:11:15.499708Z
with_outage_error_rate_100,100,0,100,0,204366,job-62,noop,failed,5,this job has seen enough,2026-02-22T02:10:54.853629Z,2026-02-22T02:11:12.226685Z,2026-02-22T02:11:15.417824Z,,2026-02-22T02:11:16.22901Z
with_outage_error_rate_100,100,0,100,0,204367,job-63,noop,failed,5,error thrown for educational purposes,2026-02-22T02:10:54.858306Z,2026-02-22T02:11:12.96616Z,2026-02-22T02:11:15.426463Z,,2026-02-22T02:11:16.235867Z
with_outage_error_rate_100,100,0,100,0,204368,job-64,noop,failed,5,error about an error,2026-02-22T02:10:54.862845Z,2026-02-22T02:11:12.975933Z,2026-02-22T02:11:15.431413Z,,2026-02-22T02:11:16.239383Z
with_outage_error_rate_100,100,0,100,0,204369,job-65,noop,failed,5,this job has seen enough,2026-02-22T02:10:54.865467Z,2026-02-22T02:11:12.98675Z,2026-02-22T02:11:15.495557Z,,2026-02-22T02:11:16.305117Z
with_outage_error_rate_100,100,0,100,0,204370,job-66,noop,failed,5,refusing to complete,2026-02-22T02:10:54.867875Z,2026-02-22T02:11:13.008515Z,2026-02-22T02:11:15.498799Z,,2026-02-22T02:11:16.308256Z
with_outage_error_rate_100,100,0,100,0,204371,job-67,noop,failed,5,could not not fail,2026-02-22T02:10:54.870419Z,2026-02-22T02:11:13.009579Z,2026-02-22T02:11:15.499426Z,,2026-02-22T02:11:16.309405Z
with_outage_error_rate_100,100,0,100,0,204372,job-68,noop,failed,5,operation failed successfully,2026-02-22T02:10:54.87316Z,2026-02-22T02:11:13.022546Z,2026-02-22T02:11:15.502198Z,,2026-02-22T02:11:16.311552Z
with_outage_error_rate_100,100,0,100,0,204373,job-69,noop,failed,5,this job has seen enough,2026-02-22T02:10:54.87592Z,2026-02-22T02:11:13.037303Z,2026-02-22T02:11:15.505045Z,,2026-02-22T02:11:16.316568Z
with_outage_error_rate_100,100,0,100,0,204374,job-70,noop,failed,5,could not not fail,2026-02-22T02:10:54.878843Z,2026-02-22T02:11:13.04303Z,2026-02-22T02:11:16.234318Z,,2026-02-22T02:11:17.040466Z
with_outage_error_rate_100,100,0,100,0,204375,job-71,noop,failed,5,could not not fail,2026-02-22T02:10:54.882083Z,2026-02-22T02:11:14.68099Z,2026-02-22T02:11:17.043183Z,,2026-02-22T02:11:17.847772Z
with_outage_error_rate_100,100,0,100,0,204376,job-72,noop,failed,5,error thrown for educational purposes,2026-02-22T02:10:54.885347Z,2026-02-22T02:11:26.785396Z,2026-02-22T02:11:37.826736Z,,2026-02-22T02:11:38.633828Z
with_outage_error_rate_100,100,0,100,0,204377,job-73,noop,failed,5,error about an error,2026-02-22T02:10:54.888693Z,2026-02-22T02:11:27.631796Z,2026-02-22T02:11:38.153919Z,,2026-02-22T02:11:38.961742Z
with_outage_error_rate_100,100,0,100,0,204378,job-74,noop,failed,5,"this is not a bug, it's a statement",2026-02-22T02:10:54.894618Z,2026-02-22T02:11:27.676679Z,2026-02-22T02:11:38.20346Z,,2026-02-22T02:11:39.014098Z
with_outage_error_rate_100,100,0,100,0,204379,job-75,noop,failed,5,could not not fail,2026-02-22T02:10:54.897121Z,2026-02-22T02:11:39.034149Z,2026-02-22T02:11:41.056701Z,,2026-02-22T02:11:41.864948Z
with_outage_error_rate_100,100,0,100,0,204380,job-76,noop,failed,5,error about an error,2026-02-22T02:10:54.899516Z,2026-02-22T02:11:39.4244Z,2026-02-22T02:11:41.460904Z,,2026-02-22T02:11:42.268088Z
with_outage_error_rate_100,100,0,100,0,204381,job-77,noop,failed,5,refusing to complete,2026-02-22T02:10:54.902027Z,2026-02-22T02:11:39.441287Z,2026-02-22T02:11:41.468472Z,,2026-02-22T02:11:42.278066Z
with_outage_error_rate_100,100,0,100,0,204382,job-78,noop,failed,5,error thrown for educational purposes,2026-02-22T02:10:54.904646Z,2026-02-22T02:11:39.445169Z,2026-02-22T02:11:41.478302Z,,2026-02-22T02:11:42.284952Z
with_outage_error_rate_100,100,0,100,0,204383,job-79,noop,failed,5,done trying,2026-02-22T02:10:54.907464Z,2026-02-22T02:11:39.775408Z,2026-02-22T02:11:41.82464Z,,2026-02-22T02:11:42.63376Z
with_outage_error_rate_100,100,0,100,0,204384,job-80,noop,failed,5,success was never an option,2026-02-22T02:10:54.910482Z,2026-02-22T02:11:39.822569Z,2026-02-22T02:11:41.872976Z,,2026-02-22T02:11:42.67977Z
with_outage_error_rate_100,100,0,100,0,204385,job-81,noop,failed,5,could not not fail,2026-02-22T02:10:54.913608Z,2026-02-22T02:11:39.826438Z,2026-02-22T02:11:41.902031Z,,2026-02-22T02:11:42.710336Z
with_outage_error_rate_100,100,0,100,0,204386,job-82,noop,failed,5,success was never an option,2026-02-22T02:10:54.917957Z,2026-02-22T02:11:39.84698Z,2026-02-22T02:11:41.905714Z,,2026-02-22T02:11:42.713708Z
with_outage_error_rate_100,100,0,100,0,204387,job-83,noop,failed,5,could not not fail,2026-02-22T02:10:54.921473Z,2026-02-22T02:11:41.080153Z,2026-02-22T02:11:43.099105Z,,2026-02-22T02:11:43.904304Z
with_outage_error_rate_100,100,0,100,0,204388,job-84,noop,failed,5,error about an error,2026-02-22T02:10:54.927397Z,2026-02-22T02:11:41.40683Z,2026-02-22T02:11:43.451621Z,,2026-02-22T02:11:44.255978Z
with_outage_error_rate_100,100,0,100,0,204389,job-85,noop,failed,5,success was never an option,2026-02-22T02:10:54.929977Z,2026-02-22T02:11:41.471379Z,2026-02-22T02:11:43.530591Z,,2026-02-22T02:11:44.335846Z
with_outage_error_rate_100,100,0,100,0,204390,job-86,noop,failed,5,operation failed successfully,2026-02-22T02:10:54.932568Z,2026-02-22T02:11:41.817559Z,2026-02-22T02:11:43.846571Z,,2026-02-22T02:11:44.651631Z
with_outage_error_rate_100,100,0,100,0,204391,job-87,noop,failed,5,could not not fail,2026-02-22T02:10:54.935056Z,2026-02-22T02:11:41.894673Z,2026-02-22T02:11:43.902893Z,,2026-02-22T02:11:44.706956Z
with_outage_error_rate_100,100,0,100,0,204392,job-88,noop,failed,5,"this is not a bug, it's a statement",2026-02-22T02:10:54.93755Z,2026-02-22T02:11:41.893737Z,2026-02-22T02:11:44.258761Z,,2026-02-22T02:11:45.063364Z
with_outage_error_rate_100,100,0,100,0,204393,job-89,noop,failed,5,"this is not a bug, it's a statement",2026-02-22T02:10:54.94031Z,2026-02-22T02:11:42.222104Z,2026-02-22T02:11:44.303952Z,,2026-02-22T02:11:45.108209Z
with_outage_error_rate_100,100,0,100,0,204394,job-90,noop,failed,5,this job has seen enough,2026-02-22T02:10:54.943303Z,2026-02-22T02:11:43.034761Z,2026-02-22T02:11:45.066415Z,,2026-02-22T02:11:45.874114Z
with_outage_error_rate_100,100,0,100,0,204395,job-91,noop,failed,5,error thrown for educational purposes,2026-02-22T02:10:54.946307Z,2026-02-22T02:11:44.695297Z,2026-02-22T02:11:46.695938Z,,2026-02-22T02:11:47.50142Z
with_outage_error_rate_100,100,0,100,0,204396,job-92,noop,failed,5,"this is not a bug, it's a statement",2026-02-22T02:10:54.949238Z,2026-02-22T02:11:45.139069Z,2026-02-22T02:11:47.14291Z,,2026-02-22T02:11:47.94773Z
with_outage_error_rate_100,100,0,100,0,204397,job-93,noop,failed,5,"this is not a bug, it's a statement",2026-02-22T02:10:54.952511Z,2026-02-22T02:11:45.14677Z,2026-02-22T02:11:47.153558Z,,2026-02-22T02:11:47.957392Z
with_outage_error_rate_100,100,0,100,0,204398,job-94,noop,failed,5,error about an error,2026-02-22T02:10:54.955814Z,2026-02-22T02:11:45.462382Z,2026-02-22T02:11:47.479774Z,,2026-02-22T02:11:48.285138Z
with_outage_error_rate_100,100,0,100,0,204399,job-95,noop,failed,5,this job has seen enough,2026-02-22T02:10:54.959243Z,2026-02-22T02:11:45.503474Z,2026-02-22T02:11:47.504093Z,,2026-02-22T02:11:48.310269Z
with_outage_error_rate_100,100,0,100,0,204400,job-96,noop,failed,5,operation failed successfully,2026-02-22T02:10:54.965171Z,2026-02-22T02:11:45.51495Z,2026-02-22T02:11:47.544776Z,,2026-02-22T02:11:48.352263Z
with_outage_error_rate_100,100,0,100,0,204401,job-97,noop,failed,5,could not not fail,2026-02-22T02:10:54.968089Z,2026-02-22T02:11:45.5181Z,2026-02-22T02:11:47.544783Z,,2026-02-22T02:11:48.351612Z
with_outage_error_rate_100,100,0,100,0,204402,job-98,noop,failed,5,could not not fail,2026-02-22T02:10:54.970645Z,2026-02-22T02:11:46.270467Z,2026-02-22T02:11:48.276709Z,,2026-02-22T02:11:49.083647Z
with_outage_error_rate_100,100,0,100,0,204403,job-99,noop,failed,5,"this is not a bug, it's a statement",2026-02-22T02:10:54.973469Z,2026-02-22T02:11:46.324983Z,2026-02-22T02:11:48.333288Z,,2026-02-22T02:11:49.13945Z
